Examen,Bloque/Tipo,N° Pregunta,Pregunta,Opción A,Opción B,Opción C,Opción D,Respuesta Correcta,Texto Respuesta Correcta
2024-II,Medicina I,1,"¿Cómo se denomina al caso nuevo de diabetes que fue diagnosticado en el establecimiento de salud, durante la atención a un adulto mayor?",Prevalente,Confirmado,Incidente,Sospechoso,C,Incidente
2024-II,Medicina I,2,"El respeto que merece el paciente exige, hoy más que nunca, que los profesionales de la salud en general y los médicos en particular adquieran la suficiente habilidad comunicativa para que los pacientes realmente comprendan, por lo que la asertividad en la comunicación inicia con...",saber escuchar.,valorar lo justo y lo injusto.,discernir entre lo bueno y lo malo.,diferenciar lo correcto de lo incorrecto.,A,saber escuchar.
2024-II,Medicina I,3,"Durante el inventario del año 2023, de la farmacia de un establecimiento de salud, se encontraron productos farmacéuticos, dispositivos médicos y productos sanitarios vencidos. Estos deben permanecer almacenados para su respectiva baja y destrucción final en el almacén:",Del SISMED,De la farmacia,Central,De servicios generales,C,Central
2024-II,Medicina I,4,En los cuidados individuales por curso de vida adulto mayor; en el entorno comunitario contempla:,La prevención de las caídas entre otros,Control de presión arterial,El control glicemia,Control de colesterol en sangre,A,La prevención de las caídas entre otros
2024-II,Medicina I,5,Según el perímetro abdominal para la edad. ¿Qué valor determina riesgo alto para tener enfermedades cardiovasculares y metabólicas en adolescentes?,Circunferencia abdominal ≥75 cm,Percentil ≥75 y <90,Percentil ≥90,Circunferencia abdominal >80 cm,B,Percentil ≥75 y <90
2024-II,Medicina I,6,"Dentro de sus intervenciones a realizar en su establecimiento de salud, prioriza el programa articulado nutricional (PAN). ¿Cuál es el objetivo del programa?",Reducción de la desnutrición crónica en menores de 5 años,Reducción de desnutrición y anemia en niños,Disminución la desnutrición aguda en menores de 3 años,Disminución de la malnutrición en menores de un año,A,Reducción de la desnutrición crónica en menores de 5 años
2024-II,Medicina I,7,¿Cuál de los siguientes enunciados es un indicador de estructura en la vigilancia epidemiológica en adolescentes?,% de adolescentes con consejería en salud nutricional,% de regiones que cuentan con un documento de análisis de situación de salud regional de adolescentes,% de adolescentes con consejería en salud sexual y reproductiva,% de atenciones preventivas en adolescentes con SIS,B,% de regiones que cuentan con un documento de análisis de situación de salud regional de adolescentes
2024-II,Medicina I,8,"Niño de 6 meses de edad, traido a su control de crecimiento y desarrollo al centro de salud de Paracas donde usted labora. Examen peso: 8 Kg. Hb: 10.8 g/dl. De acuerdo a la norma técnica de anemia 2024. ¿Cuál es la dosis de suplementación en mg indicada?",24,16,32,40,B,16
2024-II,Medicina I,9,Si se debe tomar decisiones con la media. ¿Cuál es la medida de dispersión asociada?,Desviación estándar,Rango intercuartílico,Varianza,Curtosis,A,Desviación estándar
2024-II,Medicina I,10,El modelo Bismark como modelo de salud se caracteriza por tener enfoque en...,protección laboral y familiar.,la comunidad.,grupos especiales.,acceso según recurso.,A,protección laboral y familiar.
2024-II,Medicina I,11,¿Cuáles son factores de riesgo de enfermedad hipertensiva no modificables?,"Tabaquismo, sedentarismo",Consumo excesivo de sal,"Sexo masculino, edad ≥55 años",Persona adulta ≥ 30 Kg/m2,C,"Sexo masculino, edad ≥55 años"
2024-II,Medicina I,12,Al conjunto al que se le quiere medir la distribución de variables en toda investigación se le conoce como:,Parámetro,Muestra,Población,Variable,C,Población
2024-II,Medicina I,13,¿Qué institución conduce el Centro Nacional de Farmacovigilancia y Tecnovigilancia?,CDC,INS,CENARES,DIGEMID,D,DIGEMID
2024-II,Medicina I,14,"Confirma o refuta los datos preliminares, solidifica las conclusiones y asienta las bases para la generalización científica o estadística de los resultados a la población de interés:",El adecuado análisis de datos,Muestra adecuada y representativa,Definición clara y precisa del objetivo,Comparabilidad a lo largo del estudio,A,El adecuado análisis de datos
2024-II,Medicina I,15,¿Qué profesional debe tener la custodia de oxígeno medicinal en un establecimiento de salud?,Enfermera,Químico farmacéutico,Técnico de farmacia,Médico,B,Químico farmacéutico
2024-II,Medicina I,16,La determinación de la valoración nutricional antropométrica durante la gestación debe realizarse en base a tres indicadores. ¿Cuál es el primer indicador que se debe aplicar?,Índice de masa corporal pre gestacional,Ganancia de peso en el primer trimestre,Índice de masa corporal durante la adolescencia,Altura uterina según edad gestacional,A,Índice de masa corporal pre gestacional
2024-II,Medicina I,17,¿Cuál es una de las causales de exclusión de proveedores adjudicatarios?,Cuando su empresa no cuente con RUC vigente,Cuando el consorcio no esté registrado,Cuando sea persona natural,Cuando este impedido de contratar con el estado,D,Cuando este impedido de contratar con el estado
2024-II,Medicina I,18,"Después de haber utilizado benzodiacepinas por varios meses y retirar el fármaco de forma abrupta, se desarrolla rápidamente ansiedad, taquicardia, pesadillas, náuseas, insomnio entre otros síntomas. ¿Qué tipo de reacción adversa se ha presentado?",RAM tipo E,RAM tipo B,RAM tipo A,RAM tipo C,A,RAM tipo E
2024-II,Medicina I,19,"El responsable del establecimiento de salud, han identificado que tienen una gran población de mujeres en edad fértil procedentes de Venezuela. Con el fin de promover un mejor proceso de integración como sociedad de acogida y al uso de servicios de sanitarios, planifica capacitar a su personal. ¿Cuál sería el tema principal de la capacitación?",Charla de drogas y violencia,Empatía y buenas prácticas en salud,Respeto al usuario,Etnocentrismo y relativismo cultural,D,Etnocentrismo y relativismo cultural
2024-II,Medicina I,20,Se desea investigar los efectos de los macrólidos en bronquiolitis aguda; ¿Qué tipo de estudio sería el adecuado?,Descriptivo longitudinal,Analítico observacional,Analítico experimental,Descriptivo transversal,C,Analítico experimental
2024-II,Medicina I,21,El jefe de logística de un establecimiento de salud realizará la compra de un dispositivo médico para la entidad. ¿Cuántas cotizaciones en su estudio de mercado como mínimo debe contar?,8,3,5,1,B,3
2024-II,Medicina I,22,En toda medición o instrumento de recolección de datos; el grado en el que un instrumento produce resultados consistentes y coherentes. ¿A qué requisito esencial corresponde?,Confiabilidad,Validez,Honestidad,Objetividad,A,Confiabilidad
2024-II,Medicina I,23,"El médico SERUMS del puesto de salud, organiza un taller para autoexamen de mama con las mujeres del comedor popular de su distrito; allí explica la técnica del autoexamen y factores de riesgo para cáncer de mama. ¿Qué fomenta esta intervención?",Rehabilitación,Tratamiento,Autocuidado,Diagnóstico,C,Autocuidado
2024-II,Medicina I,24,"¿Cuáles son los estudios prospectivos de mayor calidad de evidencia, donde el investigador controla el factor de estudio?",Experimentales,Cohortes,Analíticos,Descriptivos,A,Experimentales
2024-II,Medicina I,25,"En un establecimiento de salud, se decide la contratación de recursos humanos. Por lo que se requiere definir adecuadamente el perfil del cargo. ¿Cuál es el documento de gestión que va a guiar los elementos de contratación?",POI,MAPRO,CAP,MOF,D,MOF
2024-II,Medicina I,26,Dentro del plan anual de calidad de salud en el establecimiento de salud está programada la apertura del buzón de sugerencias para saber la opinión de los usuarios con el objetivo de realizar los planes de mejora. ¿Cuál es la frecuencia de apertura del buzón de sugerencias?,Anual,Trimestral,Mensual,Semestral,C,Mensual
2024-II,Medicina I,27,"El hospital nacional docente de Lima, para optimizar la gestión de sus procesos administrativos, docentes, clínicos y de investigación requiere que se realice la programación en el Plan Operativo Institucional multianual, las actividades operativas y de Inversiones necesarias para implementar las Acciones Estratégicas Institucionales (AEI), definidas en el Plan Estratégico Institucional (PEI). ¿Cuál es el período de vigencia en años como máximo, del POI multianual?",2,10,5,3,D,3
2024-II,Medicina I,28,"Según la normatividad vigente, sobre manejo de residuos sólidos. Los medicamentos vencidos. ¿Cómo qué tipo de residuo se clasifica?",Especiales,Comunes,Biocontaminados,Punzocortantes,A,Especiales
2024-II,Medicina I,29,"La leche de los primeros días se llama ...... y brinda protección a la mucosa intestinal del recién nacido, con inmunoglobulina A secretoria, impidiendo la colonización de gérmenes.",leche madura,leche sucedánea,calostro,leche de transición,C,calostro
2024-II,Medicina I,30,"En relación al abastecimiento de productos farmacéuticos, dispositivos médicos y productos sanitarios, para que se considere como un adecuado abastecimiento. ¿Cuántos meses de stock disponible debe tener?",3,12,8,6,D,6
2024-II,Medicina I,31,"El establecimiento de salud asignado para realizar su SERUMS, pertenece a un área geográfica con presencia de casos autóctonos de dengue, que se limita a una unidad geográfica en un determinado tiempo. ¿Indique a qué tipo de escenario epidemiológico pertenece?",Escenario IV - endémico,Escenario III - brote,Escenario I,Escenario II - Epidémico,B,Escenario III - brote
2024-II,Medicina I,32,"Las farmacias de los establecimientos de salud del MINSA a nivel nacional. ¿Qué sistema de información deben manejar para remitir información de consumo integrado de productos farmacéuticos, dispositivos médicos y productos sanitarios?",Galeno,Farmax,Sisgalen,SISMED,D,SISMED
2024-II,Medicina I,33,Dentro de los modelos de salud. ¿Qué característica está relacionada con el modelo comunitario?,Diferencia la población con y sin recursos,Es centralizado,Tiene un monopolio estatal,Prioriza la protección laboral,B,Es centralizado
2024-II,Medicina I,34,Se desea estimar la prevalencia de la neumonía adquirida en la comunidad en la población pediátrica de 2 a 5 años en las escuelas de su jurisdicción. Para controlar el sesgo de selección. ¿Qué tipo de muestreo se debe realizar?,Estratificado,Aleatorio simple,No probabilístico,Por conglomerados,B,Aleatorio simple
2024-II,Medicina I,35,Es el subgrupo del universo del cual se recolectan los datos y que debe ser representativo de éste:,Población,Parámetro,Variable,Muestra,D,Muestra
2024-II,Medicina I,36,"Para conocer y saber cuáles son las funciones, objetivos y la necesidad de contar con determinado puesto, es necesario identificar el propósito del puesto con las preguntas siguientes:","¿Qué formación?, ¿Dónde?, ¿Para qué?, ¿De acuerdo a qué perfil?","¿Qué sabe?, ¿Dónde?, ¿Para cuándo?, ¿De acuerdo con qué?","¿Qué habilidades?, ¿Dónde?, ¿Para qué?, ¿De acuerdo con qué?","¿Qué hace?, ¿Dónde?, ¿Para qué?, ¿De acuerdo con qué?",D,"¿Qué hace?, ¿Dónde?, ¿Para qué?, ¿De acuerdo con qué?"
2024-II,Medicina I,37,Puérpera con diagnóstico confirmatorio de sífilis; tratamiento incompleto; al recién nacido se considera neonato con sífilis congénita. ¿Cuál es la acción a seguir?,Tratamiento alternativo,Derivar a establecimiento resolutivo,Tratamiento farmacológico inmediato,Evaluación diagnostica confirmatoria,B,Derivar a establecimiento resolutivo
2024-II,Medicina I,38,"En la actividad de entrega de producto e información, dentro del proceso de dispensación farmacéutica de medicamentos de primera línea para la tuberculosis. ¿Cuál es una reacción adversa que debería de advertirse al paciente?",Nefrotoxicidad por rifampicina,Trombocitopenia por linezolid,Neuritis óptica por pirazinamida,Neuritis periférica por isoniazida,D,Neuritis periférica por isoniazida
2024-II,Medicina I,39,Durante la evaluación realizada de indicadores de gestión de medicamentos esenciales. ¿Cuál debe ser el valor de disponibilidad óptimo esperado que debe obtener la farmacia?,75% a 80%,90% a 100%,80% a 85%,85% a 89%,B,90% a 100%
2024-II,Medicina I,40,"Paciente de 30 años procedente de zona infestada por Aedes aegypti, presenta hace 5 días fiebre y dolor muscular, además se agrega dolor abdominal y plaquetas: 80,000/dl. ¿Cuál es el diagnóstico?",Dengue con signos de alarma,Dengue grave,Dengue,Dengue sin signos de alarma,A,Dengue con signos de alarma
2024-II,Medicina I,41,"El jefe de un establecimiento de salud, revisa conjuntamente con su equipo de gestión los resultados de la encuesta de satisfacción del usuario e identifican que el problema principal es el tiempo de demora en la atención. Por lo tanto, evalúan la brecha de recursos humanos para hacer el requerimiento para tal fin. ¿Qué documento de gestión es necesario para evaluar la brecha?",MOF - CAP,CAP – POI,ROF – CAP,PEI- MAPRO,C,ROF – CAP
2024-II,Medicina I,42,"Qué herramienta le permite poner en marcha las estrategias institucionales, detalla metas anuales de todos los objetivos y entregables y se precisan todas las actividades o tareas necesarias para alcanzar los productos a entregar, establece los recursos, plazos, costos por actividad, estándares de calidad, logística, planes de contingencia frente a los riesgos y finalmente indicadores que servirán para evaluar la gestión y determinar si se han alcanzado o no los indicadores de resultado e impacto establecidos.",Plan Anual Institucional,Plan Estratégico Institucional,Plan Operativo Institucional,Plan de Gestión Institucional,C,Plan Operativo Institucional
2024-II,Medicina I,43,"Según la norma técnica de salud para la acreditación de establecimientos de salud y servicios médicos de apoyo, las fases de acreditación son:",Evaluación y evaluación interna,Análisis situacional y evaluación interna,Autoanálisis y evaluación anual,Autoevaluación y evaluación externa,D,Autoevaluación y evaluación externa
2024-II,Medicina I,44,Las creencias que presenta una comunidad determinándolo como válido y propio en su desarrollo cultural no presentando participación en la comunidad ni en el sistema de salud. ¿Qué tipo de problema intercultural presenta?,Aculturación,Conflicto intercultural,Bioética,Desarrollo social,B,Conflicto intercultural
2024-II,Medicina I,45,"En el caso de tratamientos especiales, nuevas modalidades de atención, práctica de procedimiento o intervenciones que puedan afectar psíquica o físicamente al paciente; y la participación del paciente en actividades de docencia, debe realizarse y registrarse con el formato de...",autorización de atención.,solicitud de atención.,consentimiento informado.,permiso del paciente.,C,consentimiento informado.
2024-II,Medicina I,46,"Una investigación es un proceso sistemático, organizado y objetivo, destinado a responder a una pregunta. El término sistemático significa que se aplica...",el método epidemiológico.,el método científico.,el método clínico.,el método hipotético.,B,el método científico.
2024-II,Medicina I,47,Para recomendar la puesta en marcha de un programa de prevención secundaria respecto a un problema de salud determinado. ¿Cuál es uno de los tres grupos principales de factores a tener en cuenta?,Relativos al problema de salud,Relacionados al contexto,Enfocados en tratamiento,Enfocados en rehabilitación,A,Relativos al problema de salud
2024-II,Medicina I,48,"Mujer de 75 años con diagnóstico de insuficiencia cardiaca y diabetes mellitus 2, recibiendo el siguiente tratamiento farmacológico: losartán 50 mg c/24 h, espironolactona 25 mg c/24 h, bisoprolol 5 mg c/24 h, metformina 850 mg c/24 h. Resultados de control de laboratorio: Na: 140 mEq/L, K: 6.3 mEq/L, glucosa: 90 mg/dL. ¿Cuáles son los fármacos responsables del problema electrolítico?",Losartán - espironolactona,Bisoprolol - espironolactona,Metformina - espironolactona,Losartán - metformina,A,Losartán - espironolactona
2024-II,Medicina I,49,"Paciente, quechua hablante de 44 años aún fértil, madre de 6 hijos, con enfermedad de hipertensión arterial, se niega a utilizar métodos anticonceptivos. ¿Qué acción debe tomar con respecto a este caso?",Llamar a su pareja para que decida por ella,Persuadirla a que utilice anticonceptivos,Respetar su decisión,Solicitar evaluación psicológica,C,Respetar su decisión
2024-II,Medicina I,50,"Paciente varón de 35 años que trabaja habitualmente en el sector agrícola, acude junto a su familiar al centro de salud donde realiza su SERUMS, manifestando desorientación, mareos, bradicardia, dificultad respiratoria y relajación de esfínteres. El familiar manifiesta que el paciente estaba manipulando plaguicidas y parte de este se derramó en gran parte de su vestimenta. ¿Cuál es el tratamiento de primera línea?",Atropina,Flumazenil,Adrenalina,Naloxona,A,Atropina
2024-II,Medicina I,51,Toda medición o instrumento de recolección de datos debe reunir tres requisitos esenciales:,"Confidencial, válido y objetivo","Imparcial, equitativo y honesto","Privado, secreto y reservado","Seguro, reservado y protegido",A,"Confidencial, válido y objetivo"
2024-II,Medicina I,52,"Joven de 24 años, G2P1011, acude por presentar secreción vaginal líquida, grisácea, pegajosa, abundante y con mal olor; no uso de MAC. AMEU hace un año. Examen: FC: 72 X’; FR: 17 X’; T°: 36.5 °C; PA: 110/60 mmHg. Especuloscopía: hallazgos congruentes con los descritos. Prueba de aminas con KOH presente (a pescado). ¿Cuál es el diagnóstico?",Uretritis,Vaginosis bacteriana,Tricomoniasis,Candidiasis,B,Vaginosis bacteriana
2024-II,Medicina I,53,"Un estudio de investigación, que no se realiza sobre datos primarios, sino que utiliza los datos recogidos previamente en otros estudios. ¿A qué tipo de estudio hace referencia?",Cohortes,Analítico,Descriptivo,Revisión sistemática,D,Revisión sistemática
2024-II,Medicina I,54,En una comunidad se desea evaluar la incidencia de una determinada enfermedad. ¿Cuál de las medidas de efecto se debe aplicar?,Riesgo absoluto,Odds Ratio,Riesgo relativo,Número de pacientes necesario a tratar (NNT),A,Riesgo absoluto
2024-II,Medicina I,55,"Paciente que acude a su establecimiento de salud, con una glicemia en ayudas de 201 mg/dl, baja de peso, polidipsia y polifagia; el médico diagnostica diabetes mellitus tipo 2, indicando glimepirida. ¿A qué familia de drogas antidiabéticas pertenece?",Glitazonas,Glifozinas,Sulfonilureas,Metformina,C,Sulfonilureas
2024-II,Medicina I,56,"La definición de caso de enfermedad diarreica persistente, es la que se presenta con un cuadro diarreico que inicia con una diarrea aguda infecciosa, pero se prolonga por ...... días o más.",14,21,10,07,A,14
2024-II,Medicina I,57,"¿Es un instrumento que facilita el enfoque sistémico familiar en atención a la persona y proporciona una visión rápida e integrada de los problemas biomédicos y psicosociales, además de establecer las relaciones familiares?",Tipología familiar,Círculo familiar,Apgar familiar,Genograma,D,Genograma
2024-II,Medicina I,58,¿Cuál de los siguientes fármacos atraviesa la barrera placentaria y tiene riesgo de alcanzar concentraciones elevadas en el feto?,Amoxicilina,Diazepam,Omeprazol,Fluconazol,B,Diazepam
2024-II,Medicina I,59,"¿Cuál es el criterio epidemiológico de causalidad, que define que la coherencia interna de la asociación depende de la existencia de una relación unidireccional de la curva de dosis-respuesta entre el factor y la enfermedad?",Ausencia de distorsiones metodológicas,Gradiente biológico,Consistencia de los resultados,Evidencia experimental,B,Gradiente biológico
2024-II,Medicina I,60,"Gestante de 25 años G1P000; EG: 40 semanas por FUR, en período expulsivo hace 2 horas. Examen: FC: 84 X’; FR: 22X’; T°: 36.6 °C; PA: 100/60 mmHg. Examen: AU: 36 cm. Feto: LCD. FCF: 132 X’. MF: ++/++. TV: D:10 cm; I: 100%; AP: -2; M: rotas (LM Fluido); VPPF: OIIA. A la reevaluación: FC: 112 X’; FR: 25 X’; T°: 36.6 °C; PA: 80/50 mmHg. Las contracciones uterinas han cesado y se palpan partes fetales fácilmente. FCF: 86 X’. ¿Cuál es el diagnóstico más probable?",Parto obstruido,Muerte fetal,Trabajo de parto disfuncional,Ruptura uterina,D,Ruptura uterina
2024-II,Medicina I,61,De los factores relativos a las pruebas; el que se relaciona con la operatividad de las pruebas es la…,sensibilidad.,susceptibilidad.,validez.,aceptabilidad.,D,aceptabilidad.
2024-II,Medicina I,62,"Herramienta de gestión para los cuidados integrales en la RIS, que define las condiciones necesarias para asegurar la integralidad y longitudinalidad, de las personas, familias y comunidades en diferentes escenarios. ¿A qué corresponde?",Modelo de cuidado integral,Vías de cuidados integrales de salud,Equipo multidisciplinario de salud,Modelo de atención integral,B,Vías de cuidados integrales de salud
2024-II,Medicina I,63,"El equipo de gestión de la calidad de un establecimiento de salud, desea hacer un plan de mejora continua de los servicios del establecimiento. Para tal fin, indica a los jefes de cada servicio realizar un diagnóstico situacional de su área como línea de base; teniendo en cuenta aspectos de análisis de intorno, entorno. ¿Qué herramienta utilizaría Ud. para realizar el diagnóstico situacional?",Matriz de la problematización,FODA,Matriz de causa efecto,Árbol de problemas,B,FODA
2024-II,Medicina I,64,La pre diabetes se puede identificar a través de la glicemia en ayunas con un valor entre ...... mg/dl.,130-200,60 - 80,200 - 250,100-125,D,100-125
2024-II,Medicina I,65,"El director de la DIRIS descubre que un personal CAS contratado como técnico asistencial y estudiante de una carrera universitaria de salud, viene realizando actividades de un profesional; al ser descubierto indica que dichas funciones fueron otorgadas por su jefe inmediato superior. ¿A quién se debe sancionar?",Al responsable de recursos humanos,Al responsable de la DIRIS,Al jefe del establecimiento de salud,Al jefe inmediato,D,Al jefe inmediato
2024-II,Medicina I,66,¿Cuál es la etapa donde el curso de la enfermedad va desde el influjo de los factores causales hasta las primeras manifestaciones clínicas inespecíficas?,Subclínica,Prepatogénica,Prodrómica,Clínica,A,Subclínica
2024-II,Medicina I,67,¿Cuántos macroprocesos se evalúan para la acreditación de un establecimiento del primer nivel de atención I-4?,18,28,22,20,C,22
2024-II,Medicina I,68,Para determinar la magnitud de la faringoamigdalitis aguda en la población pediátrica de su localidad utilizando los criterios de Centor. ¿Qué tipo de estudio usaría?,Analítico experimentale,Descriptivo transversal,Analítico observacional,Descriptivo longitudinal,B,Descriptivo transversal
2024-II,Medicina I,69,"Adulto mayor acude a un establecimiento de salud I-1, se le capta para realizar su cuidado integral. ¿Qué tipo de valoración clínica del adulto mayor (VACAM) le corresponde?",Integral,Breve,Completa,Corta,B,Breve
2024-II,Medicina I,70,En la relación clínica médico-paciente de acuerdo a la ética. ¿Cuál es el principio que rige?,Jurisprudencia,Justicia,Autonomía,No-maleficencia,D,No-maleficencia
2024-II,Medicina I,71,"¿Cuál es el criterio que determina: ""el grado en el que un programa de salud puesto en práctica logra lo que se pretende conseguir en una población determinada""?",Eficiencia,Efectividad,Eficacia,Factibilidad,B,Efectividad
2024-II,Medicina I,72,Dentro de la ración de alimentos del PCA-PANTBC. ¿Cuál es el porcentaje de los requerimientos nutricionales calórico- proteicos al mes?,50,60,40,30,A,50
2024-II,Medicina I,73,Las dimensiones del clima organizacional son las características susceptibles de ser medidas en una organización y que influyen en el comportamiento de los individuos. Una de las más importantes dimensiones se refiere al nivel de colaboración que se observa entre los empleados en el ejercicio de su trabajo y en los apoyos materiales y humanos que éstos reciben de su organización. ¿Cuál es esa dimensión?,Conflicto y cooperación,Comunicación,Estructura,Confort,A,Conflicto y cooperación
2024-II,Medicina I,74,"El responsable de capacitación del establecimiento de salud solicita el plan de capacitación a cada servicio. Para ello el encargado del servicio de medicina se reúne con su personal, para realizar el análisis FODA y necesidades de capacitación. ¿Qué componente pertenece al análisis interno?",Oportunidades,Competencias,Fortaleza,Amenazas,C,Fortaleza
2024-II,Medicina I,75,"Gestante que acude a un establecimiento de salud, procedente de una comunidad de la costa norte, presenta fiebre alta, cefalea, dolor retro ocular, mialgias; después de la evaluación realiza su diagnóstico de dengue. ¿A qué grupo pertenecería para iniciar tratamiento?",C,A,B2,B1,D,B1
2024-II,Medicina I,76,"En el SERUMS, el profesional de salud al ingresar al establecimiento de salud. ¿Qué es lo primero que debe realizar para poder desarrollar el Plan Operativo Institucional?",Análisis poblacional,Recoger el informe anterior,Presentarse con el director,Análisis situacional,D,Análisis situacional
2024-II,Medicina I,77,Estudiando la prevalencia de anemia en 2020 en la población de Huancavelica encontramos que mantienen patrones culturales asociados a ingestas deficientes y aunadas a costumbres alimentarias de la región. ¿Qué aspecto de la interculturalidad vienen desarrollando?,Derechos humanos,Medicina holística,Bioética,Etnocentrismo,D,Etnocentrismo
2024-II,Medicina I,78,¿Cuál de las siguientes acciones forma parte de una prevención específica?,Propicia la actividad física en la comunidad,Incrementa la cobertura en el programa de inmunización,Sensibiliza a la población la no ingesta de alcohol,Promueve el uso de condón,B,Incrementa la cobertura en el programa de inmunización
2024-II,Medicina I,79,"Luego del proceso de evaluación SERUMS, se le asigna laborar en un establecimiento de salud I-2, con una población asignada de 2550 personas. De acuerdo a normativa vigente. ¿Con qué personal de salud debe contar el establecimiento?","Médico, enfermera, biólogo, agentes comunitarios","Médico, enfermera, obstetra y técnico de enfermería","Enfermera, obstetra y técnico de enfermería","Médico, enfermera y auxiliar de enfermería",B,"Médico, enfermera, obstetra y técnico de enfermería"
2024-II,Medicina I,80,"Cuando nos referimos a toda acción o actividad que realizan los otros profesionales de la salud para la promoción, prevención, recuperación y rehabilitación de la salud, según corresponda, que se brinda al paciente, familia y comunidad, hablamos de:",Auditoría,Atención de salud,Acto de salud,Acto médico,C,Acto de salud
2024-II,Medicina I,81,¿Cuál es el recurso que utiliza el investigador para registrar información o datos sobre las variables estudiadas?,Aparatos y equipos,Instrumento de medición,Medida de estabilidad,Recolección de datos,B,Instrumento de medición
2024-II,Medicina I,82,"Gestante llega al centro materno infantil, aproximadamente a las 11 pm, durante el proceso de la atención del parto, el bebé cae al balde de desecho provocándole luxación de la clavícula. El equipo de guardia inmediatamente procede a realizar la atención correspondiente, siendo derivado a un establecimiento de mayor capacidad resolutiva. El jefe del establecimiento solicita una auditoría. ¿Qué comité de auditoría se activará para este caso?",Comité de Auditoría en Salud,Consejo de Auditoría profesional,Comité de Auditoria Médica,Consejo de Auditoría Médica,A,Comité de Auditoría en Salud
2024-II,Medicina I,83,"Mujer de 20 años procedente de Chosica, presenta fiebre hace 7 días, cefalea, dolor muscular; ingresa a emergencia por dolor abdominal. Examen: PA: 70/50 mmHg, Sat O2: 89%, FC: 102 X', FR: 27 X'; afebril, luce deshidratada y decaída. AR: MV pasa en ACP; CV: RC taquicárdicos de buena intensidad; abdomen: RHA presentes, hígado de 15 cm de span hepático; SNC: somnolienta. ¿Cuál es su diagnóstico probable?",Dengue sin signos de alarma,Dengue con signos de alarma,Dengue grave,Dengue,C,Dengue grave
2024-II,Medicina I,84,¿Cuál es la ciencia que nos proporciona la metodología apropiada para investigar y contextualizar los problemas y situaciones de salud?,Estadística,Epistemología,Epidemiología,Ética,C,Epidemiología
2024-II,Medicina I,85,"En una visita domiciliaria se encuentra que en la familia Zegarra, el padre de 42 años es diabético de 10 años de evolución; el hijo mayor de 16 años tiene IMC: 27, glicemia en ayunas de 130 mg/dl; madre de 34 años tiene IMC: 23. El médico recomienda dieta hipocalórica e hipograsa. Esta medida está en nivel de prevención:",Cuaternaria,Secundaria,Primaria,Terciaria,C,Primaria
2024-II,Medicina I,86,"Paciente de 20 años, HSH, presenta fiebre y rash hace una semana. Antecedente de secreción uretral amarillenta hace 2 semanas, le diagnosticaron descarga uretral y no tomó el tratamiento; luego tuvo RS. Examen: PA: 120/70 mmHg, FC: 90 X', T°: 38.5 °C; rash en el cuerpo; AR: MV pasa en ACP; CV: RC regulares y rítmicos; hígado: 13 cm de span hepático. ¿Cuál es el diagnóstico más probable?",Sífilis secundaria,Meningococemia,Gonococemia,VIH aguda,C,Gonococemia
2024-II,Medicina I,87,"Acuden a la emergencia médica, de un hospital de alta complejidad, dos pacientes provenientes de la selva peruana, ambos afiliados al Seguro Integral de Salud; uno de ellos viene con su respectiva referencia y el otro no. ¿Qué le corresponde hacer al médico tratante de la emergencia?",Derivar al paciente que no tiene referencia a su jurisdicción,Deriva a la asistenta social para que evalue el caso,Atender a los dos pacientes por igual,Atender solo al que cuenta con la respectiva referencia del SIS,C,Atender a los dos pacientes por igual
2024-II,Medicina I,88,"En una reunión de la Microred Pinchollo, se hace una evaluación de cumplimiento de indicadores FED; donde para el indicador ""porcentaje de niñas y niños de 12 a 18 meses, con diagnóstico de anemia entre los 6 y 11 meses, que se han recuperado"", del centro de salud de Agua Dura no se registra ningún niño con anemia como recuperado. ¿Dónde está el problema?",Incorrecto registro de niños en los hospitales,Registro incorrecto de CVN,Error en el registro de HIS,Perdida del DNI del niño,C,Error en el registro de HIS
2024-II,Medicina I,89,"¿Cuál es un ámbito que se debe considerar, en un foco ampliado del modelo integral de atención, encargada de las actividades de diagnóstico precoz y tratamiento oportuno?",Consulta ambulatoria,Urgencias y observación,Medicina en domicilio y comunidad,Hospitalizaciones,A,Consulta ambulatoria
2024-II,Medicina I,90,"Una paciente con dengue acude a UVICLIN del centro de salud de su comunidad, se le clasifica en el grupo B2 de acuerdo a normativa vigente, el tratamiento con solución salina normal al 0.9% indicado es de ...... ml/Kg de peso en una hora.",20,15,10,5,C,10
2024-II,Medicina I,91,"Paciente de 20 años procedente de Camporedondo - Amazonas, presenta fiebre, ictericia y decaimiento hace 10 días acude a emergencia por escalofríos. Examen: PA: 100/70 mmHg, FC: 90 X’, Sat O2: 96% T°: 37,8 °C; AR: MV pasa en ACP; hígado: 15 cm de span. Laboratorio: formas cocobacilares de Bartonella. ¿Cuál es su diagnóstico?",Dengue,Enfermedad de carrión,Leptospirosis,Malaria Vivax,B,Enfermedad de carrión
2024-II,Medicina I,92,"Mujer de 30 años que, al día siguiente de recibir la vacuna contra la neumonía, refiere fiebre, cefalea y mialgias; dos días después presenta vómitos y diarrea. Sin evidencia de mejora, consulta en un centro de salud y se decide su internamiento. ¿Qué tipo de ESAVI es?",Grave,No grave,Leve,Moderado,A,Grave
2024-II,Medicina I,93,¿Cuál de los siguientes enunciados está implicado en la gobernanza en salud pública?,Formación de todo tipo de capital,Transparencia sin rendición de cuentas,Visión estratégica y ética de la salud,Responsabilidad de los actores institucionales exclusivamente,C,Visión estratégica y ética de la salud
2024-II,Medicina I,94,"¿Cuál es la gestión del proceso que permite a las entidades socializar y facilitar la interrelación y adaptación de manera planificada de las personas que ingresan a un puesto de la entidad, de forma que se le brinde la información relacionada al funcionamiento general del estado, a su institución, a sus normas internas y a su puesto?",Capacitación,Reunión,Inducción,Taller,C,Inducción
2024-II,Medicina I,95,"Nos reportan casos de tos ferina en una comunidad de la selva hace 3 días, es el primer caso que es captado por el servicio de salud. ¿A qué tipo de caso corresponde?",Sospechoso,Índice,Primario,Secundario,B,Índice
2024-II,Medicina I,96,"¿Cómo se define cuando los pacientes reciben la medicación adecuada a sus necesidades clínicas, en las dosis correspondientes a sus requisitos individuales, durante un período de tiempo adecuado y al menor costo posible para ellos y para la comunidad?",Estudios clínicos,Seguimiento farmacoterapéutico,Uso racional de medicamentos,Atención farmacéutica,C,Uso racional de medicamentos
2024-II,Medicina I,97,"En bioestadística, las observaciones cuantitativas que brindan datos discretos corresponden a ...",valor que se puede dividir en fracciones entre dos puntos cualquiera.,un número infinito de fracciones entre dos puntos de la escala.,valor que se puede dividir en infinitos valores entre dos puntos cualquiera.,valores individuales que sólo aceptan números enteros.,D,valores individuales que sólo aceptan números enteros.
2024-II,Medicina I,98,Cuando el evento definitivamente no está relacionado a la vacuna y se identifica una etiología o patología que explica de manera razonable el cuadro clínico (enfermedad producida por otra etiología). ¿A qué tipo de ESAVI corresponde?,Inmunización,Evento no concluyente,Evento coincidente,RAM,C,Evento coincidente
2024-II,Medicina I,99,"En consulta a paciente adolescente el médico realiza la evaluación antropométrica; al tomar pliegues cutáneos y perímetros, no realiza consentimiento informado. ¿Qué principio ético está vulnerando?",Beneficencia,Justicia,No maleficencia,Autonomía,D,Autonomía
2024-II,Medicina I,100,¿Cuál es la cantidad de consumo de sodio recomendado por la Organización Mundial de la Salud (OMS) y la Organización de las Naciones Unidas para la Alimentación y la Agricultura (FAO)?,8 mg/día,<5 g/día,>7 g/día,6 g/día,B,<5 g/día
2024-II,Medicina II,1,"¿Cómo se denomina al caso nuevo de diabetes que fue diagnosticado en el establecimiento de salud, durante la atención a un adulto mayor?",Prevalente,Incidente,Confirmado,Sospechoso,B,Incidente
2024-II,Medicina II,2,La determinación de la valoración nutricional antropométrica durante la gestación debe realizarse en base a tres indicadores. ¿Cuál es el primer indicador que se debe aplicar?,Altura uterina según edad gestacional,Índice de masa corporal durante la adolescencia,Ganancia de peso en el primer trimestre,Índice de masa corporal pre gestacional,D,Índice de masa corporal pre gestacional
2024-II,Medicina II,3,En la relación clínica médico-paciente de acuerdo a la ética. ¿Cuál es el principio que rige?,Jurisprudencia,Autonomía,Justicia,No-maleficencia,D,No-maleficencia
2024-II,Medicina II,4,"El hospital nacional docente de Lima, para optimizar la gestión de sus procesos administrativos, docentes, clínicos y de investigación requiere que se realice la programación en el Plan Operativo Institucional multianual, las actividades operativas y de Inversiones necesarias para implementar las Acciones Estratégicas Institucionales (AEI), definidas en el Plan Estratégico Institucional (PEI). ¿Cuál es el período de vigencia en años como máximo, del POI multianual?",10,5,2,3,D,3
2024-II,Medicina II,5,"¿Cuál es el criterio epidemiológico de causalidad, que define que la coherencia interna de la asociación depende de la existencia de una relación unidireccional de la curva de dosis-respuesta entre el factor y la enfermedad?",Evidencia experimental,Ausencia de distorsiones metodológicas,Consistencia de los resultados,Gradiente biológico,D,Gradiente biológico
2024-II,Medicina II,6,"Gestante de 25 años G1P000; EG: 40 semanas por FUR, en período expulsivo hace 2 horas. Examen: FC: 84 X’; FR: 22X’; T°: 36.6 °C; PA: 100/60 mmHg. Examen: AU: 36 cm. Feto: LCD. FCF: 132 X’. MF: ++/++. TV: D:10 cm; I: 100%; AP: -2; M: rotas (LM Fluido); VPPF: OIIA. A la reevaluación: FC: 112 X’; FR: 25 X’; T°: 36.6 °C; PA: 80/50 mmHg. Las contracciones uterinas han cesado y se palpan partes fetales fácilmente. FCF: 86 X’. ¿Cuál es el diagnóstico más probable?",Ruptura uterina,Parto obstruido,Trabajo de parto disfuncional,Muerte fetal,A,Ruptura uterina
2024-II,Medicina II,7,Si se debe tomar decisiones con la media. ¿Cuál es la medida de dispersión asociada?,Curtosis,Varianza,Rango intercuartílico,Desviación estándar,D,Desviación estándar
2024-II,Medicina II,8,"Para conocer y saber cuáles son las funciones, objetivos y la necesidad de contar con determinado puesto, es necesario identificar el propósito del puesto con las preguntas siguientes:","¿Qué formación?, ¿Dónde?, ¿Para qué?, ¿De acuerdo a qué perfil?","¿Qué sabe?, ¿Dónde?, ¿Para cuándo?, ¿De acuerdo con qué?","¿Qué hace?, ¿Dónde?, ¿Para qué?, ¿De acuerdo con qué?","¿Qué habilidades?, ¿Dónde?, ¿Para qué?, ¿De acuerdo con qué?",C,"¿Qué hace?, ¿Dónde?, ¿Para qué?, ¿De acuerdo con qué?"
2024-II,Medicina II,9,Dentro de los modelos de salud. ¿Qué característica está relacionada con el modelo comunitario?,Tiene un monopolio estatal,Prioriza la protección laboral,Diferencia la población con y sin recursos,Es centralizado,D,Es centralizado
2024-II,Medicina II,10,"Qué herramienta le permite poner en marcha las estrategias institucionales, detalla metas anuales de todos los objetivos y entregables y se precisan todas las actividades o tareas necesarias para alcanzar los productos a entregar, establece los recursos, plazos, costos por actividad, estándares de calidad, logística, planes de contingencia frente a los riesgos y finalmente indicadores que servirán para evaluar la gestión y determinar si se han alcanzado o no los indicadores de resultado e impacto establecidos.",Plan Operativo Institucional,Plan de Gestión Institucional,Plan Anual Institucional,Plan Estratégico Institucional,A,Plan Operativo Institucional
2024-II,Medicina II,11,El jefe de logística de un establecimiento de salud realizará la compra de un dispositivo médico para la entidad. ¿Cuántas cotizaciones en su estudio de mercado como mínimo debe contar?,3,5,8,1,A,3
2024-II,Medicina II,12,"Gestante que acude a un establecimiento de salud, procedente de una comunidad de la costa norte, presenta fiebre alta, cefalea, dolor retro ocular, mialgias; después de la evaluación realiza su diagnóstico de dengue. ¿A qué grupo pertenecería para iniciar tratamiento?",A,C,B1,B2,C,B1
2024-II,Medicina II,13,Para determinar la magnitud de la faringoamigdalitis aguda en la población pediátrica de su localidad utilizando los criterios de Centor. ¿Qué tipo de estudio usaría?,Descriptivo transversal,Analítico observacional,Analítico experimentale,Descriptivo longitudinal,A,Descriptivo transversal
2024-II,Medicina II,14,Toda medición o instrumento de recolección de datos debe reunir tres requisitos esenciales:,"Confidencial, válido y objetivo","Imparcial, equitativo y honesto","Privado, secreto y reservado","Seguro, reservado y protegido",A,"Confidencial, válido y objetivo"
2024-II,Medicina II,15,"En el SERUMS, el profesional de salud al ingresar al establecimiento de salud. ¿Qué es lo primero que debe realizar para poder desarrollar el Plan Operativo Institucional?",Presentarse con el director,Recoger el informe anterior,Análisis situacional,Análisis poblacional,C,Análisis situacional
2024-II,Medicina II,16,¿Cuáles son factores de riesgo de enfermedad hipertensiva no modificables?,Consumo excesivo de sal,"Sexo masculino, edad ≥55 años",Persona adulta ≥ 30 Kg/m2,"Tabaquismo, sedentarismo",B,"Sexo masculino, edad ≥55 años"
2024-II,Medicina II,17,"En relación al abastecimiento de productos farmacéuticos, dispositivos médicos y productos sanitarios, para que se considere como un adecuado abastecimiento. ¿Cuántos meses de stock disponible debe tener?",12,3,8,6,D,6
2024-II,Medicina II,18,"Herramienta de gestión para los cuidados integrales en la RIS, que define las condiciones necesarias para asegurar la integralidad y longitudinalidad, de las personas, familias y comunidades en diferentes escenarios. ¿A qué corresponde?",Equipo multidisciplinario de salud,Vías de cuidados integrales de salud,Modelo de cuidado integral,Modelo de atención integral,B,Vías de cuidados integrales de salud
2024-II,Medicina II,19,En una comunidad se desea evaluar la incidencia de una determinada enfermedad. ¿Cuál de las medidas de efecto se debe aplicar?,Riesgo relativo,Odds Ratio,Número de pacientes necesario a tratar (NNT),Riesgo absoluto,D,Riesgo absoluto
2024-II,Medicina II,20,Es el subgrupo del universo del cual se recolectan los datos y que debe ser representativo de éste:,Muestra,Parámetro,Población,Variable,A,Muestra
2024-II,Medicina II,21,"El director de la DIRIS descubre que un personal CAS contratado como técnico asistencial y estudiante de una carrera universitaria de salud, viene realizando actividades de un profesional; al ser descubierto indica que dichas funciones fueron otorgadas por su jefe inmediato superior. ¿A quién se debe sancionar?",Al responsable de recursos humanos,Al jefe inmediato,Al jefe del establecimiento de salud,Al responsable de la DIRIS,B,Al jefe inmediato
2024-II,Medicina II,22,"La leche de los primeros días se llama ...... y brinda protección a la mucosa intestinal del recién nacido, con inmunoglobulina A secretoria, impidiendo la colonización de gérmenes.",leche madura,leche de transición,calostro,leche sucedánea,C,calostro
2024-II,Medicina II,23,"Nos reportan casos de tos ferina en una comunidad de la selva hace 3 días, es el primer caso que es captado por el servicio de salud. ¿A qué tipo de caso corresponde?",Secundario,Primario,Índice,Sospechoso,C,Índice
2024-II,Medicina II,24,¿Cuál es la cantidad de consumo de sodio recomendado por la Organización Mundial de la Salud (OMS) y la Organización de las Naciones Unidas para la Alimentación y la Agricultura (FAO)?,>7 g/día,6 g/día,8 mg/día,<5 g/día,D,<5 g/día
2024-II,Medicina II,25,"Durante el inventario del año 2023, de la farmacia de un establecimiento de salud, se encontraron productos farmacéuticos, dispositivos médicos y productos sanitarios vencidos. Estos deben permanecer almacenados para su respectiva baja y destrucción final en el almacén:",Central,De la farmacia,De servicios generales,Del SISMED,A,Central
2024-II,Medicina II,26,¿Qué institución conduce el Centro Nacional de Farmacovigilancia y Tecnovigilancia?,DIGEMID,CDC,CENARES,INS,A,DIGEMID
2024-II,Medicina II,27,"El establecimiento de salud asignado para realizar su SERUMS, pertenece a un área geográfica con presencia de casos autóctonos de dengue, que se limita a una unidad geográfica en un determinado tiempo. ¿Indique a qué tipo de escenario epidemiológico pertenece?",Escenario IV - endémico,Escenario III - brote,Escenario II - Epidémico,Escenario I,B,Escenario III - brote
2024-II,Medicina II,28,En toda medición o instrumento de recolección de datos; el grado en el que un instrumento produce resultados consistentes y coherentes. ¿A qué requisito esencial corresponde?,Honestidad,Validez,Confiabilidad,Objetividad,C,Confiabilidad
2024-II,Medicina II,29,"El equipo de gestión de la calidad de un establecimiento de salud, desea hacer un plan de mejora continua de los servicios del establecimiento. Para tal fin, indica a los jefes de cada servicio realizar un diagnóstico situacional de su área como línea de base; teniendo en cuenta aspectos de análisis de intorno, entorno. ¿Qué herramienta utilizaría Ud. para realizar el diagnóstico situacional?",Árbol de problemas,FODA,Matriz de la problematización,Matriz de causa efecto,B,FODA
2024-II,Medicina II,30,"¿Cuáles son los estudios prospectivos de mayor calidad de evidencia, donde el investigador controla el factor de estudio?",Analíticos,Experimentales,Cohortes,Descriptivos,B,Experimentales
2024-II,Medicina II,31,La pre diabetes se puede identificar a través de la glicemia en ayunas con un valor entre ...... mg/dl.,100-125,200 - 250,60 - 80,130-200,A,100-125
2024-II,Medicina II,32,"En un establecimiento de salud, se decide la contratación de recursos humanos. Por lo que se requiere definir adecuadamente el perfil del cargo. ¿Cuál es el documento de gestión que va a guiar los elementos de contratación?",CAP,POI,MAPRO,MOF,D,MOF
2024-II,Medicina II,33,"Paciente de 20 años, HSH, presenta fiebre y rash hace una semana. Antecedente de secreción uretral amarillenta hace 2 semanas, le diagnosticaron descarga uretral y no tomó el tratamiento; luego tuvo RS. Examen: PA: 120/70 mmHg, FC: 90 X', T°: 38.5 °C; rash en el cuerpo; AR: MV pasa en ACP; CV: RC regulares y rítmicos; hígado: 13 cm de span hepático. ¿Cuál es el diagnóstico más probable?",Meningococemia,VIH aguda,Gonococemia,Sífilis secundaria,C,Gonococemia
2024-II,Medicina II,34,"Mujer de 20 años procedente de Chosica, presenta fiebre hace 7 días, cefalea, dolor muscular; ingresa a emergencia por dolor abdominal. Examen: PA: 70/50 mmHg, Sat O2: 89%, FC: 102 X', FR: 27 X'; afebril, luce deshidratada y decaída. AR: MV pasa en ACP; CV: RC taquicárdicos de buena intensidad; abdomen: RHA presentes, hígado de 15 cm de span hepático; SNC: somnolienta. ¿Cuál es su diagnóstico probable?",Dengue con signos de alarma,Dengue grave,Dengue,Dengue sin signos de alarma,B,Dengue grave
2024-II,Medicina II,35,El modelo Bismark como modelo de salud se caracteriza por tener enfoque en...,acceso según recurso.,grupos especiales.,la comunidad.,protección laboral y familiar.,D,protección laboral y familiar.
2024-II,Medicina II,36,"Según la normatividad vigente, sobre manejo de residuos sólidos. Los medicamentos vencidos. ¿Cómo qué tipo de residuo se clasifica?",Punzocortantes,Comunes,Especiales,Biocontaminados,C,Especiales
2024-II,Medicina II,37,"Una paciente con dengue acude a UVICLIN del centro de salud de su comunidad, se le clasifica en el grupo B2 de acuerdo a normativa vigente, el tratamiento con solución salina normal al 0.9% indicado es de ...... ml/Kg de peso en una hora.",15,5,10,20,C,10
2024-II,Medicina II,38,Dentro del plan anual de calidad de salud en el establecimiento de salud está programada la apertura del buzón de sugerencias para saber la opinión de los usuarios con el objetivo de realizar los planes de mejora. ¿Cuál es la frecuencia de apertura del buzón de sugerencias?,Anual,Mensual,Trimestral,Semestral,B,Mensual
2024-II,Medicina II,39,¿Cuál de los siguientes fármacos atraviesa la barrera placentaria y tiene riesgo de alcanzar concentraciones elevadas en el feto?,Diazepam,Amoxicilina,Omeprazol,Fluconazol,A,Diazepam
2024-II,Medicina II,40,"Mujer de 30 años que, al día siguiente de recibir la vacuna contra la neumonía, refiere fiebre, cefalea y mialgias; dos días después presenta vómitos y diarrea. Sin evidencia de mejora, consulta en un centro de salud y se decide su internamiento. ¿Qué tipo de ESAVI es?",No grave,Leve,Moderado,Grave,D,Grave
2024-II,Medicina II,41,"Joven de 24 años, G2P1011, acude por presentar secreción vaginal líquida, grisácea, pegajosa, abundante y con mal olor; no uso de MAC. AMEU hace un año. Examen: FC: 72 X’; FR: 17 X’; T°: 36.5 °C; PA: 110/60 mmHg. Especuloscopía: hallazgos congruentes con los descritos. Prueba de aminas con KOH presente (a pescado). ¿Cuál es el diagnóstico?",Vaginosis bacteriana,Candidiasis,Tricomoniasis,Uretritis,A,Vaginosis bacteriana
2024-II,Medicina II,42,¿Qué profesional debe tener la custodia de oxígeno medicinal en un establecimiento de salud?,Químico farmacéutico,Médico,Enfermera,Técnico de farmacia,A,Químico farmacéutico
2024-II,Medicina II,43,¿Cuál de los siguientes enunciados es un indicador de estructura en la vigilancia epidemiológica en adolescentes?,% de adolescentes con consejería en salud sexual y reproductiva,% de adolescentes con consejería en salud nutricional,% de regiones que cuentan con un documento de análisis de situación de salud regional de adolescentes,% de atenciones preventivas en adolescentes con SIS,C,% de regiones que cuentan con un documento de análisis de situación de salud regional de adolescentes
2024-II,Medicina II,44,"En una reunión de la Microred Pinchollo, se hace una evaluación de cumplimiento de indicadores FED; donde para el indicador ""porcentaje de niñas y niños de 12 a 18 meses, con diagnóstico de anemia entre los 6 y 11 meses, que se han recuperado"", del centro de salud de Agua Dura no se registra ningún niño con anemia como recuperado. ¿Dónde está el problema?",Perdida del DNI del niño,Error en el registro de HIS,Registro incorrecto de CVN,Incorrecto registro de niños en los hospitales,B,Error en el registro de HIS
2024-II,Medicina II,45,"Paciente de 20 años procedente de Camporedondo - Amazonas, presenta fiebre, ictericia y decaimiento hace 10 días acude a emergencia por escalofríos. Examen: PA: 100/70 mmHg, FC: 90 X’, Sat O2: 96% T°: 37,8 °C; AR: MV pasa en ACP; hígado: 15 cm de span. Laboratorio: formas cocobacilares de Bartonella. ¿Cuál es su diagnóstico?",Leptospirosis,Dengue,Malaria Vivax,Enfermedad de carrión,D,Enfermedad de carrión
2024-II,Medicina II,46,Se desea investigar los efectos de los macrólidos en bronquiolitis aguda; ¿Qué tipo de estudio sería el adecuado?,Descriptivo longitudinal,Descriptivo transversal,Analítico experimental,Analítico observacional,C,Analítico experimental
2024-II,Medicina II,47,¿Cuál es el recurso que utiliza el investigador para registrar información o datos sobre las variables estudiadas?,Instrumento de medición,Medida de estabilidad,Aparatos y equipos,Recolección de datos,A,Instrumento de medición
2024-II,Medicina II,48,¿Cuántos macroprocesos se evalúan para la acreditación de un establecimiento del primer nivel de atención I-4?,28,20,22,18,C,22
2024-II,Medicina II,49,Dentro de la ración de alimentos del PCA-PANTBC. ¿Cuál es el porcentaje de los requerimientos nutricionales calórico- proteicos al mes?,50,30,40,60,A,50
2024-II,Medicina II,50,¿Cuál de los siguientes enunciados está implicado en la gobernanza en salud pública?,Responsabilidad de los actores institucionales exclusivamente,Visión estratégica y ética de la salud,Formación de todo tipo de capital,Transparencia sin rendición de cuentas,B,Visión estratégica y ética de la salud
2024-II,Medicina II,51,"Después de haber utilizado benzodiacepinas por varios meses y retirar el fármaco de forma abrupta, se desarrolla rápidamente ansiedad, taquicardia, pesadillas, náuseas, insomnio entre otros síntomas. ¿Qué tipo de reacción adversa se ha presentado?",RAM tipo B,RAM tipo C,RAM tipo E,RAM tipo A,C,RAM tipo E
2024-II,Medicina II,52,Para recomendar la puesta en marcha de un programa de prevención secundaria respecto a un problema de salud determinado. ¿Cuál es uno de los tres grupos principales de factores a tener en cuenta?,Relativos al problema de salud,Enfocados en rehabilitación,Relacionados al contexto,Enfocados en tratamiento,A,Relativos al problema de salud
2024-II,Medicina II,53,"Cuando nos referimos a toda acción o actividad que realizan los otros profesionales de la salud para la promoción, prevención, recuperación y rehabilitación de la salud, según corresponda, que se brinda al paciente, familia y comunidad, hablamos de:",Atención de salud,Acto de salud,Auditoría,Acto médico,B,Acto de salud
2024-II,Medicina II,54,"¿Cuál es la gestión del proceso que permite a las entidades socializar y facilitar la interrelación y adaptación de manera planificada de las personas que ingresan a un puesto de la entidad, de forma que se le brinde la información relacionada al funcionamiento general del estado, a su institución, a sus normas internas y a su puesto?",Inducción,Reunión,Taller,Capacitación,A,Inducción
2024-II,Medicina II,55,Según el perímetro abdominal para la edad. ¿Qué valor determina riesgo alto para tener enfermedades cardiovasculares y metabólicas en adolescentes?,Percentil ≥90,Circunferencia abdominal >80 cm,Percentil ≥75 y <90,Circunferencia abdominal ≥75 cm,C,Percentil ≥75 y <90
2024-II,Medicina II,56,"Un estudio de investigación, que no se realiza sobre datos primarios, sino que utiliza los datos recogidos previamente en otros estudios. ¿A qué tipo de estudio hace referencia?",Descriptivo,Cohortes,Analítico,Revisión sistemática,D,Revisión sistemática
2024-II,Medicina II,57,¿Cuál es la ciencia que nos proporciona la metodología apropiada para investigar y contextualizar los problemas y situaciones de salud?,Epistemología,Epidemiología,Ética,Estadística,B,Epidemiología
2024-II,Medicina II,58,¿Cuál es la etapa donde el curso de la enfermedad va desde el influjo de los factores causales hasta las primeras manifestaciones clínicas inespecíficas?,Subclínica,Prodrómica,Clínica,Prepatogénica,A,Subclínica
2024-II,Medicina II,59,"El jefe de un establecimiento de salud, revisa conjuntamente con su equipo de gestión los resultados de la encuesta de satisfacción del usuario e identifican que el problema principal es el tiempo de demora en la atención. Por lo tanto, evalúan la brecha de recursos humanos para hacer el requerimiento para tal fin. ¿Qué documento de gestión es necesario para evaluar la brecha?",MOF - CAP,ROF – CAP,CAP – POI,PEI- MAPRO,B,ROF – CAP
2024-II,Medicina II,60,"El responsable del establecimiento de salud, han identificado que tienen una gran población de mujeres en edad fértil procedentes de Venezuela. Con el fin de promover un mejor proceso de integración como sociedad de acogida y al uso de servicios de sanitarios, planifica capacitar a su personal. ¿Cuál sería el tema principal de la capacitación?",Respeto al usuario,Empatía y buenas prácticas en salud,Etnocentrismo y relativismo cultural,Charla de drogas y violencia,C,Etnocentrismo y relativismo cultural
2024-II,Medicina II,61,Durante la evaluación realizada de indicadores de gestión de medicamentos esenciales. ¿Cuál debe ser el valor de disponibilidad óptimo esperado que debe obtener la farmacia?,75% a 80%,80% a 85%,90% a 100%,85% a 89%,C,90% a 100%
2024-II,Medicina II,62,Se desea estimar la prevalencia de la neumonía adquirida en la comunidad en la población pediátrica de 2 a 5 años en las escuelas de su jurisdicción. Para controlar el sesgo de selección. ¿Qué tipo de muestreo se debe realizar?,No probabilístico,Aleatorio simple,Estratificado,Por conglomerados,B,Aleatorio simple
2024-II,Medicina II,63,"¿Cómo se define cuando los pacientes reciben la medicación adecuada a sus necesidades clínicas, en las dosis correspondientes a sus requisitos individuales, durante un período de tiempo adecuado y al menor costo posible para ellos y para la comunidad?",Atención farmacéutica,Estudios clínicos,Seguimiento farmacoterapéutico,Uso racional de medicamentos,D,Uso racional de medicamentos
2024-II,Medicina II,64,De los factores relativos a las pruebas; el que se relaciona con la operatividad de las pruebas es la…,aceptabilidad.,susceptibilidad.,validez.,sensibilidad.,A,aceptabilidad.
2024-II,Medicina II,65,"En el caso de tratamientos especiales, nuevas modalidades de atención, práctica de procedimiento o intervenciones que puedan afectar psíquica o físicamente al paciente; y la participación del paciente en actividades de docencia, debe realizarse y registrarse con el formato de...",autorización de atención.,permiso del paciente.,consentimiento informado.,solicitud de atención.,C,consentimiento informado.
2024-II,Medicina II,66,"Luego del proceso de evaluación SERUMS, se le asigna laborar en un establecimiento de salud I-2, con una población asignada de 2550 personas. De acuerdo a normativa vigente. ¿Con qué personal de salud debe contar el establecimiento?","Enfermera, obstetra y técnico de enfermería","Médico, enfermera, obstetra y técnico de enfermería","Médico, enfermera, biólogo, agentes comunitarios","Médico, enfermera y auxiliar de enfermería",B,"Médico, enfermera, obstetra y técnico de enfermería"
2024-II,Medicina II,67,"Según la norma técnica de salud para la acreditación de establecimientos de salud y servicios médicos de apoyo, las fases de acreditación son:",Autoevaluación y evaluación externa,Autoanálisis y evaluación anual,Evaluación y evaluación interna,Análisis situacional y evaluación interna,A,Autoevaluación y evaluación externa
2024-II,Medicina II,68,Las creencias que presenta una comunidad determinándolo como válido y propio en su desarrollo cultural no presentando participación en la comunidad ni en el sistema de salud. ¿Qué tipo de problema intercultural presenta?,Desarrollo social,Bioética,Conflicto intercultural,Aculturación,C,Conflicto intercultural
2024-II,Medicina II,69,"El responsable de capacitación del establecimiento de salud solicita el plan de capacitación a cada servicio. Para ello el encargado del servicio de medicina se reúne con su personal, para realizar el análisis FODA y necesidades de capacitación. ¿Qué componente pertenece al análisis interno?",Fortaleza,Oportunidades,Amenazas,Competencias,A,Fortaleza
2024-II,Medicina II,70,En los cuidados individuales por curso de vida adulto mayor; en el entorno comunitario contempla:,La prevención de las caídas entre otros,El control glicemia,Control de presión arterial,Control de colesterol en sangre,A,La prevención de las caídas entre otros
2024-II,Medicina II,71,"En una visita domiciliaria se encuentra que en la familia Zegarra, el padre de 42 años es diabético de 10 años de evolución; el hijo mayor de 16 años tiene IMC: 27, glicemia en ayunas de 130 mg/dl; madre de 34 años tiene IMC: 23. El médico recomienda dieta hipocalórica e hipograsa. Esta medida está en nivel de prevención:",Terciaria,Secundaria,Primaria,Cuaternaria,C,Primaria
2024-II,Medicina II,72,"El médico SERUMS del puesto de salud, organiza un taller para autoexamen de mama con las mujeres del comedor popular de su distrito; allí explica la técnica del autoexamen y factores de riesgo para cáncer de mama. ¿Qué fomenta esta intervención?",Tratamiento,Autocuidado,Diagnóstico,Rehabilitación,B,Autocuidado
2024-II,Medicina II,73,¿Cuál es una de las causales de exclusión de proveedores adjudicatarios?,Cuando su empresa no cuente con RUC vigente,Cuando sea persona natural,Cuando este impedido de contratar con el estado,Cuando el consorcio no esté registrado,C,Cuando este impedido de contratar con el estado
2024-II,Medicina II,74,"Paciente, quechua hablante de 44 años aún fértil, madre de 6 hijos, con enfermedad de hipertensión arterial, se niega a utilizar métodos anticonceptivos. ¿Qué acción debe tomar con respecto a este caso?",Respetar su decisión,Solicitar evaluación psicológica,Persuadirla a que utilice anticonceptivos,Llamar a su pareja para que decida por ella,A,Respetar su decisión
2024-II,Medicina II,75,Puérpera con diagnóstico confirmatorio de sífilis; tratamiento incompleto; al recién nacido se considera neonato con sífilis congénita. ¿Cuál es la acción a seguir?,Evaluación diagnostica confirmatoria,Derivar a establecimiento resolutivo,Tratamiento farmacológico inmediato,Tratamiento alternativo,B,Derivar a establecimiento resolutivo
2024-II,Medicina II,76,"Gestante llega al centro materno infantil, aproximadamente a las 11 pm, durante el proceso de la atención del parto, el bebé cae al balde de desecho provocándole luxación de la clavícula. El equipo de guardia inmediatamente procede a realizar la atención correspondiente, siendo derivado a un establecimiento de mayor capacidad resolutiva. El jefe del establecimiento solicita una auditoría. ¿Qué comité de auditoría se activará para este caso?",Comité de Auditoria Médica,Consejo de Auditoría Médica,Comité de Auditoría en Salud,Consejo de Auditoría profesional,C,Comité de Auditoría en Salud
2024-II,Medicina II,77,"Acuden a la emergencia médica, de un hospital de alta complejidad, dos pacientes provenientes de la selva peruana, ambos afiliados al Seguro Integral de Salud; uno de ellos viene con su respectiva referencia y el otro no. ¿Qué le corresponde hacer al médico tratante de la emergencia?",Atender solo al que cuenta con la respectiva referencia del SIS,Atender a los dos pacientes por igual,Deriva a la asistenta social para que evalue el caso,Derivar al paciente que no tiene referencia a su jurisdicción,B,Atender a los dos pacientes por igual
2024-II,Medicina II,78,"En la actividad de entrega de producto e información, dentro del proceso de dispensación farmacéutica de medicamentos de primera línea para la tuberculosis. ¿Cuál es una reacción adversa que debería de advertirse al paciente?",Neuritis periférica por isoniazida,Trombocitopenia por linezolid,Neuritis óptica por pirazinamida,Nefrotoxicidad por rifampicina,A,Neuritis periférica por isoniazida
2024-II,Medicina II,79,"Una investigación es un proceso sistemático, organizado y objetivo, destinado a responder a una pregunta. El término sistemático significa que se aplica...",el método científico.,el método hipotético.,el método epidemiológico.,el método clínico.,A,el método científico.
2024-II,Medicina II,80,"¿Cuál es el criterio que determina: ""el grado en el que un programa de salud puesto en práctica logra lo que se pretende conseguir en una población determinada""?",Eficacia,Efectividad,Eficiencia,Factibilidad,B,Efectividad
2024-II,Medicina II,81,"En bioestadística, las observaciones cuantitativas que brindan datos discretos corresponden a ...",valores individuales que sólo aceptan números enteros.,valor que se puede dividir en infinitos valores entre dos puntos cualquiera.,valor que se puede dividir en fracciones entre dos puntos cualquiera.,un número infinito de fracciones entre dos puntos de la escala.,A,valores individuales que sólo aceptan números enteros.
2024-II,Medicina II,82,"Dentro de sus intervenciones a realizar en su establecimiento de salud, prioriza el programa articulado nutricional (PAN). ¿Cuál es el objetivo del programa?",Disminución la desnutrición aguda en menores de 3 años,Disminución de la malnutrición en menores de un año,Reducción de la desnutrición crónica en menores de 5 años,Reducción de desnutrición y anemia en niños,C,Reducción de la desnutrición crónica en menores de 5 años
2024-II,Medicina II,83,"Paciente varón de 35 años que trabaja habitualmente en el sector agrícola, acude junto a su familiar al centro de salud donde realiza su SERUMS, manifestando desorientación, mareos, bradicardia, dificultad respiratoria y relajación de esfínteres. El familiar manifiesta que el paciente estaba manipulando plaguicidas y parte de este se derramó en gran parte de su vestimenta. ¿Cuál es el tratamiento de primera línea?",Adrenalina,Atropina,Naloxona,Flumazenil,B,Atropina
2024-II,Medicina II,84,"Las farmacias de los establecimientos de salud del MINSA a nivel nacional. ¿Qué sistema de información deben manejar para remitir información de consumo integrado de productos farmacéuticos, dispositivos médicos y productos sanitarios?",SISMED,Sisgalen,Farmax,Galeno,A,SISMED
2024-II,Medicina II,85,"¿Cuál es un ámbito que se debe considerar, en un foco ampliado del modelo integral de atención, encargada de las actividades de diagnóstico precoz y tratamiento oportuno?",Medicina en domicilio y comunidad,Consulta ambulatoria,Hospitalizaciones,Urgencias y observación,B,Consulta ambulatoria
2024-II,Medicina II,86,¿Cuál de las siguientes acciones forma parte de una prevención específica?,Propicia la actividad física en la comunidad,Sensibiliza a la población la no ingesta de alcohol,Promueve el uso de condón,Incrementa la cobertura en el programa de inmunización,D,Incrementa la cobertura en el programa de inmunización
2024-II,Medicina II,87,"¿Es un instrumento que facilita el enfoque sistémico familiar en atención a la persona y proporciona una visión rápida e integrada de los problemas biomédicos y psicosociales, además de establecer las relaciones familiares?",Genograma,Tipología familiar,Círculo familiar,Apgar familiar,A,Genograma
2024-II,Medicina II,88,"El respeto que merece el paciente exige, hoy más que nunca, que los profesionales de la salud en general y los médicos en particular adquieran la suficiente habilidad comunicativa para que los pacientes realmente comprendan, por lo que la asertividad en la comunicación inicia con...",valorar lo justo y lo injusto.,saber escuchar.,discernir entre lo bueno y lo malo.,diferenciar lo correcto de lo incorrecto.,B,saber escuchar.
2024-II,Medicina II,89,Estudiando la prevalencia de anemia en 2020 en la población de Huancavelica encontramos que mantienen patrones culturales asociados a ingestas deficientes y aunadas a costumbres alimentarias de la región. ¿Qué aspecto de la interculturalidad vienen desarrollando?,Bioética,Medicina holística,Derechos humanos,Etnocentrismo,D,Etnocentrismo
2024-II,Medicina II,90,Cuando el evento definitivamente no está relacionado a la vacuna y se identifica una etiología o patología que explica de manera razonable el cuadro clínico (enfermedad producida por otra etiología). ¿A qué tipo de ESAVI corresponde?,Evento no concluyente,Inmunización,RAM,Evento coincidente,D,Evento coincidente
2024-II,Medicina II,91,"En consulta a paciente adolescente el médico realiza la evaluación antropométrica; al tomar pliegues cutáneos y perímetros, no realiza consentimiento informado. ¿Qué principio ético está vulnerando?",Justicia,No maleficencia,Beneficencia,Autonomía,D,Autonomía
2024-II,Medicina II,92,"Paciente de 30 años procedente de zona infestada por Aedes aegypti, presenta hace 5 días fiebre y dolor muscular, además se agrega dolor abdominal y plaquetas: 80,000/dl. ¿Cuál es el diagnóstico?",Dengue,Dengue grave,Dengue sin signos de alarma,Dengue con signos de alarma,D,Dengue con signos de alarma
2024-II,Medicina II,93,"Paciente que acude a su establecimiento de salud, con una glicemia en ayudas de 201 mg/dl, baja de peso, polidipsia y polifagia; el médico diagnostica diabetes mellitus tipo 2, indicando glimepirida. ¿A qué familia de drogas antidiabéticas pertenece?",Sulfonilureas,Metformina,Glitazonas,Glifozinas,A,Sulfonilureas
2024-II,Medicina II,94,"Adulto mayor acude a un establecimiento de salud I-1, se le capta para realizar su cuidado integral. ¿Qué tipo de valoración clínica del adulto mayor (VACAM) le corresponde?",Corta,Breve,Completa,Integral,B,Breve
2024-II,Medicina II,95,Las dimensiones del clima organizacional son las características susceptibles de ser medidas en una organización y que influyen en el comportamiento de los individuos. Una de las más importantes dimensiones se refiere al nivel de colaboración que se observa entre los empleados en el ejercicio de su trabajo y en los apoyos materiales y humanos que éstos reciben de su organización. ¿Cuál es esa dimensión?,Estructura,Confort,Conflicto y cooperación,Comunicación,C,Conflicto y cooperación
2024-II,Medicina II,96,"La definición de caso de enfermedad diarreica persistente, es la que se presenta con un cuadro diarreico que inicia con una diarrea aguda infecciosa, pero se prolonga por ...... días o más.",07,10,21,14,D,14
2024-II,Medicina II,97,"Niño de 6 meses de edad, traido a su control de crecimiento y desarrollo al centro de salud de Paracas donde usted labora. Examen peso: 8 Kg. Hb: 10.8 g/dl. De acuerdo a la norma técnica de anemia 2024. ¿Cuál es la dosis de suplementación en mg indicada?",16,40,24,32,A,16
2024-II,Medicina II,98,"Mujer de 75 años con diagnóstico de insuficiencia cardiaca y diabetes mellitus 2, recibiendo el siguiente tratamiento farmacológico: losartán 50 mg c/24 h, espironolactona 25 mg c/24 h, bisoprolol 5 mg c/24 h, metformina 850 mg c/24 h. Resultados de control de laboratorio: Na: 140 mEq/L, K: 6.3 mEq/L, glucosa: 90 mg/dL. ¿Cuáles son los fármacos responsables del problema electrolítico?",Bisoprolol - espironolactona,Losartán - metformina,Losartán - espironolactona,Metformina - espironolactona,C,Losartán - espironolactona
2024-II,Medicina II,99,"Confirma o refuta los datos preliminares, solidifica las conclusiones y asienta las bases para la generalización científica o estadística de los resultados a la población de interés:",Comparabilidad a lo largo del estudio,Muestra adecuada y representativa,Definición clara y precisa del objetivo,El adecuado análisis de datos,D,El adecuado análisis de datos
2024-II,Medicina II,100,Al conjunto al que se le quiere medir la distribución de variables en toda investigación se le conoce como:,Muestra,Variable,Parámetro,Población,D,Población
2025-I,Medicina Tipo A,1,"Son comportamientos que pueden o no ser saludables e influir de manera positiva o negativa en la salud del individuo, caracterizan el modo de vida de un individuo y suelen ser permanentes. Esta definición corresponde a:",Estilo de vida,Hábito saludable,Autocuidado,Práctica,A,Estilo de vida
2025-I,Medicina Tipo A,2,"Los medicamentos que han perdido su eficacia y que han llevado a diezmar la efectividad en la lucha contra la tuberculosis, las enfermedades diarreicas y la neumonía debido a la resistencia antimicrobiana, se debe a:",Uso irracional de medicamentos,Uso de medicamentos genéricos,Petitorio de los mismos medicamentos,Uso adecuado de medicamentos de marca,A,Uso irracional de medicamentos
2025-I,Medicina Tipo A,3,"Comprende la sucesión de eventos que ocurren a lo largo de la existencia de las personas y la población, los cuales interactúan para influir en su salud desde la preconcepción hasta la muerte. ¿A qué definición se refiere?",Curso de vida,Cuidado integral,Vías de cuidados,Determinante social,A,Curso de vida
2025-I,Medicina Tipo A,4,Se labora en un establecimiento de salud donde no hay una visión definida sobre el trabajo que se realiza; y existen muchos problemas interpersonales. Si se desea cambiar esta situación. ¿Qué se debe mejorar?,Clima organizacional,Recursos humanos,Plan de acción,Proyecto de mejora,A,Clima organizacional
2025-I,Medicina Tipo A,5,"Un serumista luego de haber diagnosticado y tratado un caso clínico muy interesante, ha hecho una revisión profunda de la literatura sobre el tema y desea compartirlo con la comunidad científica. ¿Qué tipo de informe de investigación debe preparar?",Artículo original,Revisión sistemática,Reporte de caso,Carta al editor,B,Revisión sistemática
2025-I,Medicina Tipo A,6,"Milena, una obstetra serumista coloca una ampolla intramuscular de metamizol a una gestante que viene con fiebre, minutos después siente mareos, nauseas y se observa en la zona de aplicación un rash; por tanto ella debe consignar en la historia clínica de manera obligatoria las sospechas de reacciones adversas y reportarlas en el formato correspondiente y remitirlo al comité de ...... y tecnovigilancia de la IPRESS en los plazos correspondientes.",auditoría interna,auditoría externa,control interno,farmacovigilancia,D,farmacovigilancia
2025-I,Medicina Tipo A,7,Al llegar a su comunidad de SERUMS observa que hay baja adherencia a la lactancia materna por lo cual plantea hacer una investigación sobre factores asociados a lactancia materna. ¿Qué debe realizar en primer lugar para su estudio?,Definir sus instrumentos de medición,Revisar literatura científica sobre el tema,Elaborar su pregunta de investigación,Elegir los objetivos de estudio,B,Revisar literatura científica sobre el tema
2025-I,Medicina Tipo A,8,"Si se orienta la formulación y actualización de las políticas y los planes en todos los niveles del gobierno, se refiere a ...…, a las cuales debe alinear sus objetivos operativos.",desarrollos institucionales,estrategias institucionales,acciones institucionales,organizaciones institucionales,B,estrategias institucionales
2025-I,Medicina Tipo A,9,En el manejo integral de una paciente de 50 años con diabetes mellitus tipo II. ¿Qué valor de hemoglobina glicosilada indica un control metabólico óptimo?,< 7.5%,< 7%,< 6.5%,< 6%,B,< 7%
2025-I,Medicina Tipo A,10,"Llega al centro materno una gestante proveniente del sur de nuestro país, quién solicita tener un parto vertical. Como profesional de la salud. ¿Cómo procedería para atender y responder al requerimiento de la paciente?",Persuadir su deseo,Denegarle la atención,Respetar su pedido,Enviarla a otro establecimiento,C,Respetar su pedido
2025-I,Medicina Tipo A,11,Se define como transición epidemiológica al proceso de paso del predominio de enfermedades …… a la preponderancia de las enfermedades...,degenerativas / infecciosas.,crónicas / infecciosas.,infecciosas / crónicas.,infecciosas / prevalentes.,C,infecciosas / crónicas.
2025-I,Medicina Tipo A,12,"Madre quechua hablante de 30 años, tiene niño de un año con diarrea y deshidratación; ella niega su atención en el establecimiento de salud, porque según su creencia el caso corresponde a “susto” y lo debe atender el curandero. ¿Cómo procedes ante este caso?",Solicitar al presidente de la comunidad que intervenga,"Llegas a un acuerdo en la terapia del niño, respetando sus creencias",Discrepas con su decisión porque no es correcto,Constatar con la policía y la autoridad comunal,B,"Llegas a un acuerdo en la terapia del niño, respetando sus creencias"
2025-I,Medicina Tipo A,13,"¿Cuál es el plazo máximo en días para entregar copia autenticada de la historia clínica y epicrisis, cuando el usuario de salud o su representante legal lo solicite?",5,7,10,3,A,5
2025-I,Medicina Tipo A,14,Dentro del paquete preventivo de salud del adolescente. ¿Cuántas mediciones al año de hemoglobina debe realizarse?,1,6,4,2,D,2
2025-I,Medicina Tipo A,15,El análisis de la situación actual es una fase del planeamiento estratégico. ¿En qué fase del ciclo se encuentra?,4,3,2,1,D,1
2025-I,Medicina Tipo A,16,"Un paciente fue referido para evaluación y tratamiento por una probable gastritis a un nivel de atención superior. Se resolvió su problema de salud de manera parcial, continuando su tratamiento en su establecimiento de origen. ¿En qué condición considera fue contrarreferido?",Curado,Retiro voluntario,Mejorado,Deserción,C,Mejorado
2025-I,Medicina Tipo A,17,"Salud Escolar lleva a cabo la vacunación masiva, descarte de anemia, cuidado de la salud bucal, desparasitación a los alumnos de las IE públicas. En cumplimiento al derecho de ......, se hace de conocimiento a los padres de familia quienes firman y el personal interviene atendiendo.",beneficencia,justicia,consentimiento informado,autorización,C,consentimiento informado
2025-I,Medicina Tipo A,18,Luego de la recolección y procesamiento de datos de su estudio para investigar si hay asociación entre el alcoholismo y la violencia familiar en adultos varones de su comunidad. ¿Qué análisis estadístico llevará a cabo?,Inferencial,Descriptivo,Inductivo,Probabilístico,A,Inferencial
2025-I,Medicina Tipo A,19,"En una institución educativa primaria de 100 alumnos, se presenta un brote de varicela con 50 casos. ¿Cuál es el indicador y el valor que corresponde para caracterizar el riesgo?","Tasa de prevalencia, 500 x 1000 hab","Razón de prevalencia, 50%","Tasa de incidencia, 50%","Tasa de ataque, 50%",C,"Tasa de incidencia, 50%"
2025-I,Medicina Tipo A,20,Cuenta con las herramientas administrativas para garantizar que la profesión se ejerza de manera ética. Este enunciado pertenece a la:,Deontología,Responsabilidad,Comisión de ética,Moral,A,Deontología
2025-I,Medicina Tipo A,21,¿Cuál es la sospecha diagnóstica de cáncer infantil más probable cuando hay un aumento no controlado de glóbulos blancos en la médula ósea?,Neuroblastoma,Linfoma,Leucemia,Tumor de Wilms,C,Leucemia
2025-I,Medicina Tipo A,22,Los sistemas de vigilancia en salud (SVES) son la guía para la acción que el personal de salud utiliza para tomar decisiones prácticas frente a los problemas de salud. El tipo tradicional se caracteriza por que se...,usan datos específicos de información adicional.,usa mediciones sistemáticas.,incluye los procedimientos del proceso de la práctica «centinela».,basan en los sistemas de declaración de enfermedades transmisibles y morbilidad.,D,basan en los sistemas de declaración de enfermedades transmisibles y morbilidad.
2025-I,Medicina Tipo A,23,"Un profesional de la salud desea realizar una ecografía, pero no cuenta en su centro con ese apoyo diagnóstico. Para realizar una referencia a otro establecimiento de salud. ¿Qué debe evaluar?",Categorización,Organigrama,Flujograma,Cartera de servicios,D,Cartera de servicios
2025-I,Medicina Tipo A,24,"Para investigar la relación entre la anemia y el peso de niños de 6° grado de primaria de un colegio, usted acude un día de la semana para medir la Hb y el peso a todos ellos. ¿Qué método de investigación está realizando?",Mixto,Experimental,Observacional,Cuasi experimental,C,Observacional
2025-I,Medicina Tipo A,25,"El lunes 30 de marzo se apersonan a un puesto de salud de categoría I-3, 15 personas con vómitos y diarrea, quienes participaron en una pollada el día anterior. El caso es identificado como una Enfermedad Transmitida por Alimentos. ¿En qué momento se realiza la notificación epidemiológica del brote al nivel inmediato superior?",De manera inmediata,Cuando se reporta el VEA de la semana,Al alta de los pacientes,Hasta las 48 horas,A,De manera inmediata
2025-I,Medicina Tipo A,26,"Para elaborar los planos de un futuro establecimiento de salud I-3, se reúne el equipo de salud. ¿Qué ambiente es necesario según normativa?",Zona de selección de residuos sólidos,Depósito y lavado de carros,Zona de almacenamiento de residuos contaminados,Área de internamiento,A,Zona de selección de residuos sólidos
2025-I,Medicina Tipo A,27,"Después de brindar una atención por violencia sexual a una paciente de 13 años, se debe presentar un informe social, requerido por las autoridades del Poder Judicial. Si hay información que faltan a la verdad está cometiendo actos en contra de:",Justicia,Ética,Responsabilidad,Beneficencia,B,Ética
2025-I,Medicina Tipo A,28,Usted se entera que en un EESS administraron una medicación que produjo un daño discapacitante en un paciente. ¿Qué medida inmediata hubiera tomado para manejar esta situación?,Informar a los familiares,Mejorar el proceso de atención sanitaria en EESS,Notificarlo al nivel inmediato superior,Medidas de mejora en el EESS,C,Notificarlo al nivel inmediato superior
2025-I,Medicina Tipo A,29,"Mujer de 52 años acude al establecimiento refiriendo sequedad vaginal y dispareunia desde hace unos 6 meses, tiene antecedente de menopausia hace un año. ¿Cuál es la conducta más apropiada para esta paciente?",Prescribir terapia de reemplazo hormonal,Recomendar uso de lubricante vaginal,Referir a especialista de ginecología,Prescribir estrógeno local vaginal,D,Prescribir estrógeno local vaginal
2025-I,Medicina Tipo A,30,"¿Cuáles son los medicamentos y productos biológicos que cubren la mayor parte de la morbilidad en el país, que luego de una evaluación técnica especializada multidisciplinaria han demostrado ser seguros, eficaces, costo-efectivos y deben estar disponibles en todo momento?",Genéricos,Comunes,Básicos,Esenciales,D,Esenciales
2025-I,Medicina Tipo A,31,Usted trabaja en un centro de salud y advierte que la población que acude son personas adultas mayores en un 80%. ¿Qué medida inicial puede tomar para mejorar su atención?,Tener un enfoque de derechos,Favorecer la participación de la familia,Promover la educación en la comunidad,Fortalecer su equipo multidisciplinario,D,Fortalecer su equipo multidisciplinario
2025-I,Medicina Tipo A,32,¿Quién es el responsable frente a la pérdida de la totalidad o parte de la historia clínica en el proceso de atención de salud?,Quien la entregó por última vez,Jefe de archivo de historias clínicas,Jefe del establecimiento de salud,Quien la recibió por última vez,D,Quien la recibió por última vez
2025-I,Medicina Tipo A,33,"La salud pública está afectada por sobrepoblación mundial, grandes conflictos políticos-sociales y la pobreza creciente; como consecuencia inicial de estos fenómenos. ¿Qué ocurre principalmente?",La aparición de enfermedades epidémicas,El surgimiento de nuevas enfermedades,El aumento en la incidencia de enfermedades,Las crisis psicosociales,C,El aumento en la incidencia de enfermedades
2025-I,Medicina Tipo A,34,"Para medir el riesgo de una enfermedad en la comunidad, se utilizan medidas de morbilidad como la incidencia que mide la …... y la prevalencia que mide la …… de la enfermedad.",virulencia / frecuencia,proporción / frecuencia,velocidad / magnitud,casos antiguos / casos nuevos,C,velocidad / magnitud
2025-I,Medicina Tipo A,35,"Debido a que se observaron muchos casos de suicidios en adolescentes en la comunidad donde usted labora, le encargan realizar un estudio descriptivo sobre la depresión en adolescentes en su comunidad ¿Cuál será la principal limitante del estudio?",Sus resultados no serán extrapolables,Demandará costos económicos muy elevados,El análisis estadístico será muy complejo,No permitirá hallar asociación de variables,D,No permitirá hallar asociación de variables
2025-I,Medicina Tipo A,36,"El Ministerio de Salud a través de ...... es responsable de distribuir, difundir, dirigir, supervisar, monitorear y evaluar los medicamentos en los sectores públicos y privados.",DIGEMID,CENARES,DIGESA,CENSOPAS,A,DIGEMID
2025-I,Medicina Tipo A,37,"Mujer de 55 años, señala que su esposo se hizo prueba de papilomavirus y salió positiva. Acude a control al centro materno y le realizan tamizaje con PAP que salió positivo. ¿Qué prueba está en el siguiente paso en el flujograma de atención de cáncer de cuello uterino?",Curetaje endocervical,Colposcopía,Nuevo PAP,Tomar biopsias,B,Colposcopía
2025-I,Medicina Tipo A,38,"Un serumista está trabajando en un establecimiento de salud con población asignada, que cuenta con médico cirujano, profesionales de enfermería, obstetricia y personal técnico de enfermería. Según su cartera de servicios. ¿Cuál es el nivel de atención en el que se encuentra?",I-3,I-1,I-2,I-4,C,I-2
2025-I,Medicina Tipo A,39,"El C.S. Paz, ha sectorizado su jurisdicción para realizar intervenciones de promoción y prevención basados en el Modelo de Cuidado Integral de la Familia y Comunidad por Curso de Vida. En el marco de las Funciones Esenciales de la Salud Pública renovada, esta acción corresponde a la etapa de:",Evaluación,Acceso,Asignación de recursos,Desarrollo de políticas,B,Acceso
2025-I,Medicina Tipo A,40,En el proceso de redacción del informe final de su estudio transversal analítico sobre la relación entre la ingesta de bebidas gaseosas y sobrepeso; usted desea que todas las secciones tengan coherencia entre sí. ¿Qué herramienta debe usar para verificarla?,Matriz de consistencia,Lista de verificación,Revisión de Turniting,Matriz de operacionalización,A,Matriz de consistencia
2025-I,Medicina Tipo A,41,La promoción de la salud se define como la acción de ofrecer a los pueblos las vías y los medios suficientes para …… los problemas de salud y autocontrolar el proceso de salud-enfermedad.,restringir o acortar,atenuar o eliminar,controlar o mantener,diferir o mitigar,B,atenuar o eliminar
2025-I,Medicina Tipo A,42,"El POI Multianual del Ministerio de Salud es ……, en el cual se establece la programación de metas físicas y de costeo que se espera alcanzar en los próximos tres años.",herramienta de gestión,instrumento de articulación,herramienta de articulación,instrumento de gestión,D,instrumento de gestión
2025-I,Medicina Tipo A,43,"Mujer de 70 años, procedente de Loreto, hace 2 días presentó fiebre de 39°C, dolor de articulaciones y cefalea, el día de hoy acude al establecimiento con vómitos persistentes y sangrado de mucosas. Funciones vitales: T°: 36°C, PA: 100/70 mmHg, FR: 28X'. ¿Qué tipo de dengue es?",Hemorrágico con signos de alarma,Grave,Confirmado sin signos de alarma,Probable con signos de alarma,D,Probable con signos de alarma
2025-I,Medicina Tipo A,44,"Usted va a realizar un estudio sobre la obesidad infantil en un colegio de la pequeña comunidad donde labora, pero el director le pide que los padres autoricen voluntariamente la participación de sus menores hijos. ¿Qué documento debe usar para este cometido?",Consentimiento informado,Compromiso paterno,Carta de investigación,Asentimiento informado,A,Consentimiento informado
2025-I,Medicina Tipo A,45,¿Cuál es la mejor conducta frente a un personal de salud asistencial que no puede acreditar su vacunación previa contra el virus de Hepatitis B en el primer nivel de atención?,Vacunación de una dosis de refuerzo,No es obligatoria su vacunación,Referencia a un hospital,Vacunación desde la primera dosis,D,Vacunación desde la primera dosis
2025-I,Medicina Tipo A,46,¿Cuáles son los principales ejes estratégicos que garantizan el éxito de la participación comunitaria en la planeación en salud?,"El abordaje territorial, espacios participativos y la familia como base",Los cambios en la realidad económico-social y ordenanzas municipales,La actitud política y el esfuerzo de la administración local,La participación comunitaria y escuelas saludables,A,"El abordaje territorial, espacios participativos y la familia como base"
2025-I,Medicina Tipo A,47,En una farmacia se va a instalar el control termostático de la unidad de refrigeración. ¿Qué se debe tener en cuenta con los sensores?,Dependientes del sistema de monitoreo,Con exactitud de aproximadamente 0.3°C,Deben estar calibrados,Áreas con poca variabilidad en temperatura,C,Deben estar calibrados
2025-I,Medicina Tipo A,48,"La ética en la función pública no se queda en la teoría (reflexión), sino que debe llevarse a la práctica para tener un adecuado desempeño laboral. Como profesional de salud ante un caso de un diagnóstico que es confidencial, por el tipo de enfermedad. ¿Qué principios éticos debe cumplirse?","Silencio, manejo de la información","Veracidad, lealtad, eficiencia",Respeto y atención diferenciada,"Respeto, probidad y eficiencia",D,"Respeto, probidad y eficiencia"
2025-I,Medicina Tipo A,49,"En el análisis FODA, los aspectos positivos de los recursos y actividades internas con que cuenta la institución, se les define cómo:",Estrategias,Fortalezas,Oportunidades,Amenazas,B,Fortalezas
2025-I,Medicina Tipo A,50,¿Qué grupo de pacientes tienen indicación de terapia preventiva para la tuberculosis?,Sin diagnóstico de ITBL que pertenecen a grupos con corticoterapia e inmunosupresores,Adultos que son contactos de caso índice-TB pulmonar y pacientes con VIH,Personas que no tienen diagnóstico de infección tuberculosa latente,Pacientes con tuberculosis sensible,B,Adultos que son contactos de caso índice-TB pulmonar y pacientes con VIH
2025-I,Medicina Tipo A,51,"¿Qué se define como la forma característica de pensar y hacer las cosas en una entidad, en base a principios, valores, creencias, conductas y normas?",Valores institucionales,Cultura organizacional,Principios institucionales,Clima organizacional,B,Cultura organizacional
2025-I,Medicina Tipo A,52,"Varón de 20 años HSH, que acude a la consulta por presentar erupciones genitales y orales, además dolor ano-rectal y sangrado leve. Ha tenido dolor de cabeza, fiebre, mialgias y adenopatías cervicales hace 2 días. ¿Cuál es el tipo de diagnóstico de viruela del mono?",Confirmado,Caso secundario,Sospechoso,Contacto directo,C,Sospechoso
2025-I,Medicina Tipo A,53,"En adultos de 18 años a más con HTA esencial, sin otras comorbilidades. ¿Qué grupo farmacológico se debe prescribir como primera elección?",Inhibidores de aldosterona,Betabloqueadores,Diuréticos de asa,Diuréticos tiazídicos,D,Diuréticos tiazídicos
2025-I,Medicina Tipo A,54,"La transmisión del dengue a un huésped susceptible se da a través de la picadura de un zancudo hembra infectado (Aedes aegypti), estos zancudos pican preferentemente ...... y transmiten la enfermedad a varias personas durante toda su vida.",al amanecer y al atardecer,al atardecer y durante la noche,a medio día y sin lluvia,solo en época de lluvias,A,al amanecer y al atardecer
2025-I,Medicina Tipo A,55,"Realizando visita domiciliaria, según el plan del cuidado integral de salud de las personas adultas mayores, se encuentra a un varón de 66 años de edad, vive solo; refiere tener “mal de ojo”, presenta “dolor de cabeza y dolor muscular”, llegará el curandero, realizará una limpia con cuy macho de color negro. Se le muestra interés e integración de los cuidados que requiere. ¿Éste enunciado se denomina?",Salud pública,Cultura,Población indígena,Interculturalidad en salud,D,Interculturalidad en salud
2025-I,Medicina Tipo A,56,"Usted desea motivar a su personal de salud para realizar una investigación científica sobre la anemia infantil en su comunidad, para ello les dice que el principal propósito de la investigación científica es...",consolidar el trabajo en equipo.,generar conocimiento científico útil.,mejorar la gestión de la salud.,captar inversiones en salud.,B,generar conocimiento científico útil.
2025-I,Medicina Tipo A,57,Dentro del modelo de atención integral en la etapa de vida adulto mayor. ¿Qué test de valoración de deterioro cognitivo puede aplicar en el primer nivel de atención?,De Pfeiffer,De Yesavage,Del reloj,MOCA,A,De Pfeiffer
2025-I,Medicina Tipo A,58,Dentro de las intervenciones de promoción de la salud. El programa “familia saludable” considera a la a familia como la unidad de ...... de mayor eficacia.,análisis,intervención,soporte,riesgo,B,intervención
2025-I,Medicina Tipo A,59,"¿Cuál es la medida de tendencia central que se interpreta como el promedio de los datos, y se construye con la suma de todos los datos observados entre el total de observaciones?",Rango,Mediana,Media,Moda,C,Media
2025-I,Medicina Tipo A,60,Se desea reorganizar el servicio de admisión y para ello es necesario separar las historias clínicas. ¿Cuántos años se debe considerar para el archivo pasivo de historias clínicas que no han sido requeridas?,Más de 15,Más de 5,Más de 1,Más de 10,B,Más de 5
2025-I,Medicina Tipo A,61,"Dentro del petitorio nacional único de medicamentos esenciales para el sector salud existen consideraciones especiales de su uso, por lo cual requieren de un manejo especializado. ¿Qué tipo de medicamentos están en este rubro?",Para métodos de planificación familiar,Controlado para infecciones intrahospitalarias,Exclusivo para dolor oncológico,Específico para hepatitis A,C,Exclusivo para dolor oncológico
2025-I,Medicina Tipo A,62,"En la metodología del análisis FODA, el comportamiento de la población, costumbre y hábitos negativos que son difíciles de cambiar, se identifican como:",Negatividad,Oportunidades,Debilidades,Amenazas,D,Amenazas
2025-I,Medicina Tipo A,63,"Gestante de 36 años de edad, acude con cefalea intensa y visión borrosa; antecedente: HTA. Al examen: REG, BEN, BEH, LOTEP, FC: 70X'; FR: 20X'; T°: 36.8°C; PA: 170/110mmHg; edema en miembros inferiores sin fóvea. Laboratorio: creatinina 1.2 mg/dl, plaquetas: 150.000/mm3. ¿Cuál es la conducta a seguir?",Sulfato de magnesio intravenoso,Finalizar el embarazo,Administrar nifedipino vía oral,Transfusión de plaquetas,A,Sulfato de magnesio intravenoso
2025-I,Medicina Tipo A,64,"Un paciente desea realizar un reclamo por un posible maltrato de un trabajador del establecimiento de salud contra él, al no respetarse el orden de llegada para la atención. ¿Qué procedimiento corresponde?",Sugerencia,Consejería,Queja,Consulta,C,Queja
2025-I,Medicina Tipo A,65,"¿A qué corresponde la siguiente definición?: “Es el conjunto de acciones que desarrolla un profesional de la salud mediante el uso de las TIC, para proporcionar a la persona usuaria de salud, consejería y asesoría con fines de promoción de la salud, prevención, recuperación o rehabilitación de las enfermedades”.",Telemonitoreo,Teleconsulta,Teleorientación,Teleinterconsulta,C,Teleorientación
2025-I,Medicina Tipo A,66,Según la normativa nacional de salud para la prevención y control de la anemia. ¿Cuál es la dosis oral diaria de hierro elemental y ácido fólico recomendada para tratamiento de una gestante con anemia ferropénica?,120 mg y 800 ug,80 mg y 600 ug,60 mg y 400 ug,200 mg y 1000 ug,A,120 mg y 800 ug
2025-I,Medicina Tipo A,67,"En el informe final de su investigación sobre ansiedad en estudiantes de secundaria, requiere compartir la descripción del instrumento de screening de ansiedad utilizado, su validez y confiabilidad. ¿En qué sección de su informe debe incluirla?",Marco teórico,Introducción,Metodología,Resultados,C,Metodología
2025-I,Medicina Tipo A,68,"Al Centro de Salud de Chuquibamba de la provincia de Condesuyos, acude una gestante añosa, en periodo expulsivo, con antecedentes de preeclampsia; el parto se complica y fallecen madre y niño. Ante este evento. ¿Qué Auditoría de la Calidad de la Atención en Salud corresponde seguir?",Dirimente,De caso,Externa,Regular,B,De caso
2025-I,Medicina Tipo A,69,"En su comunidad observa con mucha frecuencia casos de alcoholismo en varones y también violencia física de ellos contra sus esposas, para investigar en el menor tiempo posible, si hay asociación entre el alcoholismo y la violencia familiar. ¿Qué diseño de estudio elegirá?",Cuasi experimental,Descriptivo,Analítico,Cohortes,C,Analítico
2025-I,Medicina Tipo A,70,"La ética sugiere aquello que es deseable y condena lo que no debe hacerse, mientras que la deontología cuenta con las herramientas administrativas para garantizar que la profesión se ejerza de manera ética. ¿Con qué debe contar un profesional de la salud para su ejercicio profesional?","Título profesional, colegiatura",Diplomados,Currículo vitae documentado,Estudios de posgrado,A,"Título profesional, colegiatura"
2025-I,Medicina Tipo A,71,Se desea identificar el ciclo vital familiar para abordar a una familia que tiene un hijo adolescente con riesgo social. ¿Cuál es la idea principal de ciclo vital familiar?,Secuencia de fases por las que atraviesa,Herramienta de gestión para los cuidados integrales,Conjunto de prestaciones según necesidades de salud,Sucesión de eventos que ocurren durante su existencia,A,Secuencia de fases por las que atraviesa
2025-I,Medicina Tipo A,72,El personal de un establecimiento de salud desea saber lo que debe desarrollar prioritariamente. ¿Qué componente debe conocer para orientar sus objetivos estratégicos?,Misión,Visión,Valores,FODA,A,Misión
2025-I,Medicina Tipo A,73,"En un establecimiento de salud que tiene bajos indicadores de desempeño, se desea realizar un concepto compartido para un futuro mejor, pues cada quien tiene una idea diferente de lo que se quiere lograr. ¿Qué componente estratégico se debe plantear entre todos?",Visión,FODA,Misión,Valores,A,Visión
2025-I,Medicina Tipo A,74,La sala situacional de salud es una herramienta que ofrece evidencia sobre la eficacia de las intervenciones en salud y sobre la capacidad de los sistemas de salud para responder a las necesidades de salud de la población. ¿Quiénes la deben conocer y analizar prioritariamente?,Promotores de salud y responsable de promoción de la salud,Todo el personal de salud y autoridades locales,Coordinadores de red y responsable de epidemiología,El responsable de epidemiologia y jefe de establecimiento,B,Todo el personal de salud y autoridades locales
2025-I,Medicina Tipo A,75,"Niño de 3 años de edad, no tiene controles en crecimiento y desarrollo, por lo que el personal de salud acude a su casa para evaluarlo. ¿Cómo demostraría que está en riesgo nutricional?",Pérdida lenta de peso,Curva Peso/Talla de lento crecimiento,Acercamiento a la mediana,Curva Peso/Talla es plana,D,Curva Peso/Talla es plana
2025-I,Medicina Tipo A,76,"La pertinencia cultural en los servicios de salud implica que durante todo el proceso de la atención se tome en cuenta las características de la población a la que se atiende, en función a su cultura y contexto social. Evaluando cuatro dimensiones: gestión para la calidad de la atención, revaloración del sistema de salud tradicional, recursos humanos que promueven la salud intercultural y la …",participación ciudadana.,interculturalidad en salud.,atención intercultural.,inclusión social.,A,participación ciudadana.
2025-I,Medicina Tipo A,77,"En el centro de salud, el serumista, atiende a varón de 20 años y le brinda consejería sobre salud bucal con la técnica del cepillado e hilo dental. ¿Qué desea implementar en la persona?",Cambio de dieta,Destreza,Motivación,Autocuidado,D,Autocuidado
2025-I,Medicina Tipo A,78,"Mujer de 45 años, presenta desde hace más de dos semanas ánimo bajo, poca energía, disminución de la actividad, anhedonia, sueño alterado, apetito disminuido, baja autoestima, estado de ánimo variable y cefalea intensa. ¿Cuál es el diagnóstico más probable?",Trastorno bipolar,Episodio depresivo,Depresión mayor,Distimia,B,Episodio depresivo
2025-I,Medicina Tipo A,79,"Según la historia natural de la enfermedad, identificar una persona con diabetes en la fase subclínica corresponde al periodo ...... y el nivel de prevención es...",patogénico / terciario.,patogénico / secundario.,pre patogénico / secundario.,patogénico / primario.,B,patogénico / secundario.
2025-I,Medicina Tipo A,80,Ante la presencia de un caso probable de Tos Ferina. ¿Cuáles son las medidas a implementar?,"Censo de contactos, barrido vacunal, investigación del caso índice","Jornada de vacunación, quimioprofilaxis, búsqueda de contactos indirectos","Seguimiento de contactos, búsqueda activa comunitaria e institucional, bloqueo vacunal","Búsqueda de casos secundarios, barrido vacunal, inamovilidad del caso",C,"Seguimiento de contactos, búsqueda activa comunitaria e institucional, bloqueo vacunal"
2025-I,Medicina Tipo A,81,"En el centro de salud de Lamas, reportan que un varón de 30 años, presenta fiebre, malestar general, sangrado y shock. Se informa que han aparecido muchos más casos en estos días y se sospecha de un brote de fiebre amarilla. Siendo Ro: el número promedio de casos nuevos que genera un caso dado a lo largo de un período infeccioso. ¿Cuál es el Ro que se espera tener en brote de fiebre amarilla?",Ro > 0.5,Ro > 1,Ro = 0,Ro < 1,B,Ro > 1
2025-I,Medicina Tipo A,82,"En el centro de salud, al colocar un inyectable intramuscular a un paciente, el personal se pincha el dedo pulgar. El status VIH del paciente es desconocido. ¿Qué acciones debe realizarse inmediatamente?","Realizarse serologías para VIH basal, a las 6 semanas y a los 3 meses",Lavarse la herida con agua y tomar los antirretrovirales lo antes posible,Se valora la severidad del accidente ocupacional,Se debe iniciar los ARV a las 72 horas post-exposición,B,Lavarse la herida con agua y tomar los antirretrovirales lo antes posible
2025-I,Medicina Tipo A,83,"En la enfermedad de la Tuberculosis, la presencia del agente infeccioso (Mycobacterium tuberculosis), corresponde a una causa...",no necesaria pero suficiente.,de tipo ambiental.,necesaria y suficiente.,necesaria pero no suficiente.,D,necesaria pero no suficiente.
2025-I,Medicina Tipo A,84,"¿A qué corresponde la siguiente definición?: “Es la condición ideal en la población en la que todos tienen la oportunidad de acceder al cuidado de su salud y acceder a atenciones de salud, en el momento que lo requiera, y que no sea alterada por razones evitables y por tanto injustas”",Calidad,Equidad en salud,Integralidad,Universalidad,B,Equidad en salud
2025-I,Medicina Tipo A,85,"Para investigar la relación entre la anemia y la talla de niños de 5° grado de primaria de un colegio, usted acude un día de la semana para medir la Hb y talla a todos ellos. ¿Qué enfoque de investigación está realizando?",Mixto,Observacional,Cualitativo,Cuantitativo,D,Cuantitativo
2025-I,Medicina Tipo A,86,"Una prueba de screening que tiene muy baja sensibilidad, tiene mayor probabilidad de clasificar a sujetos enfermos como sanos. ¿Qué tipo de resultado es?",Sensibilidad ineficiente,Falso positivo,Falso negativo,Valor predictivo positivo,C,Falso negativo
2025-I,Medicina Tipo A,87,"Las acciones para mejorar la calidad de la atención orientados a mejorar la experiencia y la confianza de las personas, las familias y las comunidades en los servicios de salud, más allá de la optimización de los procesos, se enmarca dentro de las Funciones Esenciales de Salud Pública. ¿A qué función corresponde?",Asegurar el acceso y el uso racional de medicamentos,Acceso equitativo a servicios de salud integrales y de calidad,Financiamiento de la salud eficiente y equitativo,Desarrollo de recursos humanos para la salud,B,Acceso equitativo a servicios de salud integrales y de calidad
2025-I,Medicina Tipo A,88,"Paciente mujer de 50 años, afroamericana, últimamente ha presentado zumbido de oído y visión borrosa, niega antecedentes personales patológicos. Examen: LOTEP, BEG, BEN, BEH; FC: 80X'; FR: 20X'; T°: 37°C; PA: 140/90mmHg, IMC: 32. ¿Cuál es la conducta ideal a seguir?",Iniciar tratamiento farmacológico,Realizar una nueva toma de PA,Confirmar presunción diagnóstica con AMPA,Confirmar presunción diagnóstica con MAPA,D,Confirmar presunción diagnóstica con MAPA
2025-I,Medicina Tipo A,89,"Personal de serenazgo, lleva al centro de salud a un paciente adulto mayor con problemas de salud y sin familiares, presenta indigencia y sin documentos. ¿Qué derecho se le atribuye?",Acceso a servicios de salud,Acceso a la información,Recuperación,Consentimiento informado,A,Acceso a servicios de salud
2025-I,Medicina Tipo A,90,¿Cuándo indicaría usted iniciar la higiene oral para generar el hábito saludable del cepillado dental?,A partir del año de vida,Al completar su dentadura decidua,En cualquier momento de la vida,Durante los primeros seis meses de vida,D,Durante los primeros seis meses de vida
2025-I,Medicina Tipo A,91,"En un estudio sobre la depresión en adolescentes en su comunidad, aplica un instrumento de detección de depresión en estudiantes de 5° año de secundaria de un colegio cercano al establecimiento. ¿Qué tipo de muestreo está realizando?",Estadístico,Censal,Probabilístico,No probabilístico,D,No probabilístico
2025-I,Medicina Tipo A,92,La Ética cultiva y promueve el ejercicio de la moral y los valores para que los actos estén encuadrados en el bien y en el derecho en beneficio de la sociedad. Como profesional de la salud. ¿Qué principios se debe de cumplir en la atención a la población objetivo?,"Solidaridad, orden, deber y derecho","Orden, moral, deber y derecho","Fraternidad, moral, deber y orden","Orden, fraternidad, moral y derecho",B,"Orden, moral, deber y derecho"
2025-I,Medicina Tipo A,93,Se reportan 2 casos de peste en el hospital y se ha restringido el ingreso. Los casos son de la comunidad y no se sabe si hay más casos. ¿Cuál es la medida inicial a tomar?,Control de roedores,Medidas de bioseguridad e identificar las casas de infectados,Medidas de control químico de pulgas,Ordenamiento ambiental,B,Medidas de bioseguridad e identificar las casas de infectados
2025-I,Medicina Tipo A,94,"En pro de la salud y el desarrollo social entre los diferentes actores, en los distintos niveles de gobierno y de la sociedad, lo primero que se debe fortalecer son las...",decisiones multisectoriales.,capacidades de gestión.,coordinaciones intersectoriales.,alianzas estratégicas.,D,alianzas estratégicas.
2025-I,Medicina Tipo A,95,"En relación al almacenamiento de medicamentos: “Las condiciones de almacenamiento deben ser las recomendadas por el …… y autorizadas en el rotulado del producto, pudiendo ser de congelación, temperatura de refrigeración, temperatura ambiente y temperatura ambiente controlada, lo cual debe estar indicado en su procedimiento …… de almacenamiento.”",fabricante / operativo,farmacéutico / rutinario,director / organizativo,jefe / establecido,A,fabricante / operativo
2025-I,Medicina Tipo A,96,"Un servidor público, brinda información de un diagnóstico médico, a personas de la comunidad. ¿Qué principio ético está vulnerando?",Individualidad,Respeto,Seguridad,Confidencialidad,D,Confidencialidad
2025-I,Medicina Tipo A,97,Se requiere implementar un plan de cuidado integral de salud del adulto mayor para la prevención de caídas. ¿Qué acción de cuidados será recomendable implementar en adultos mayores frágiles?,Completar los esquemas de vacunación,Consejería para realizar ejercicio físico,Descarte de enfermedades crónicas,Implementar visitas domiciliarias periódicas,B,Consejería para realizar ejercicio físico
2025-I,Medicina Tipo A,98,"Mujer de 22 años víctima de violencia física, es derivada por la fiscalía para su atención integral en el establecimiento de salud. El área de psicología luego de la evaluación, inicia su plan de atención integral que constará de 10 sesiones. ¿Qué tipo de determinante social de la salud se está abordando?",Estructural,Intermedio,Comercial,Económico,A,Estructural
2025-I,Medicina Tipo A,99,"Varón de 20 años, señala haber tenido RS con pareja desconocida hace un mes y no acude al EESS para ser evaluado. Trae resultado de VDRL: 16 diluciones. FTA- ABS (+). Examen Físico: PA: 110/70 mmHg, FC: 85 X', FR: 14X', afebril; en REG, con úlcera genital, no presenta ronchas en manos y plantas de pies. ¿Cuál es el diagnóstico más probable?",Gonorrea,Sífilis primaria,Herpes genital,Infección por clamydia,B,Sífilis primaria
2025-I,Medicina Tipo A,100,"¿Cuál es el tipo de prevención cuyo objetivo es disminuir el avance y las complicaciones de la enfermedad establecida, mediante acciones orientadas a disminuir las secuelas y la discapacidad?",Secundaria,Terciaria,Cuaternaria,Primaria,B,Terciaria
2025-I,Medicina Tipo B,1,"El Ministerio de Salud a través de ...... es responsable de distribuir, difundir, dirigir, supervisar, monitorear y evaluar los medicamentos en los sectores públicos y privados.",CENSOPAS,DIGEMID,CENARES,DIGESA,B,DIGEMID
2025-I,Medicina Tipo B,2,Se desea identificar el ciclo vital familiar para abordar a una familia que tiene un hijo adolescente con riesgo social. ¿Cuál es la idea principal de ciclo vital familiar?,Herramienta de gestión para los cuidados integrales,Sucesión de eventos que ocurren durante su existencia,Secuencia de fases por las que atraviesa,Conjunto de prestaciones según necesidades de salud,C,Secuencia de fases por las que atraviesa
2025-I,Medicina Tipo B,3,"En el centro de salud, el serumista, atiende a varón de 20 años y le brinda consejería sobre salud bucal con la técnica del cepillado e hilo dental. ¿Qué desea implementar en la persona?",Autocuidado,Destreza,Motivación,Cambio de dieta,A,Autocuidado
2025-I,Medicina Tipo B,4,¿Qué grupo de pacientes tienen indicación de terapia preventiva para la tuberculosis?,Sin diagnóstico de ITBL que pertenecen a grupos con corticoterapia e inmunosupresores,Adultos que son contactos de caso índice-TB pulmonar y pacientes con VIH,Pacientes con tuberculosis sensible,Personas que no tienen diagnóstico de infección tuberculosa latente,B,Adultos que son contactos de caso índice-TB pulmonar y pacientes con VIH
2025-I,Medicina Tipo B,5,¿Quién es el responsable frente a la pérdida de la totalidad o parte de la historia clínica en el proceso de atención de salud?,Jefe del establecimiento de salud,Quien la recibió por última vez,Quien la entregó por última vez,Jefe de archivo de historias clínicas,B,Quien la recibió por última vez
2025-I,Medicina Tipo B,6,"Dentro del petitorio nacional único de medicamentos esenciales para el sector salud existen consideraciones especiales de su uso, por lo cual requieren de un manejo especializado. ¿Qué tipo de medicamentos están en este rubro?",Exclusivo para dolor oncológico,Controlado para infecciones intrahospitalarias,Para métodos de planificación familiar,Específico para hepatitis A,A,Exclusivo para dolor oncológico
2025-I,Medicina Tipo B,7,"Varón de 20 años, señala haber tenido RS con pareja desconocida hace un mes y no acude al EESS para ser evaluado. Trae resultado de VDRL: 16 diluciones. FTA- ABS (+). Examen Físico: PA: 110/70 mmHg, FC: 85 X', FR: 14X', afebril; en REG, con úlcera genital, no presenta ronchas en manos y plantas de pies. ¿Cuál es el diagnóstico más probable?",Infección por clamydia,Gonorrea,Herpes genital,Sífilis primaria,D,Sífilis primaria
2025-I,Medicina Tipo B,8,"Un paciente desea realizar un reclamo por un posible maltrato de un trabajador del establecimiento de salud contra él, al no respetarse el orden de llegada para la atención. ¿Qué procedimiento corresponde?",Consejería,Consulta,Queja,Sugerencia,C,Queja
2025-I,Medicina Tipo B,9,Cuenta con las herramientas administrativas para garantizar que la profesión se ejerza de manera ética. Este enunciado pertenece a la:,Responsabilidad,Deontología,Moral,Comisión de ética,B,Deontología
2025-I,Medicina Tipo B,10,La promoción de la salud se define como la acción de ofrecer a los pueblos las vías y los medios suficientes para …… los problemas de salud y autocontrolar el proceso de salud-enfermedad.,atenuar o eliminar,controlar o mantener,diferir o mitigar,restringir o acortar,A,atenuar o eliminar
2025-I,Medicina Tipo B,11,La Ética cultiva y promueve el ejercicio de la moral y los valores para que los actos estén encuadrados en el bien y en el derecho en beneficio de la sociedad. Como profesional de la salud. ¿Qué principios se debe de cumplir en la atención a la población objetivo?,"Orden, moral, deber y derecho","Fraternidad, moral, deber y orden","Solidaridad, orden, deber y derecho","Orden, fraternidad, moral y derecho",A,"Orden, moral, deber y derecho"
2025-I,Medicina Tipo B,12,"La ética en la función pública no se queda en la teoría (reflexión), sino que debe llevarse a la práctica para tener un adecuado desempeño laboral. Como profesional de salud ante un caso de un diagnóstico que es confidencial, por el tipo de enfermedad. ¿Qué principios éticos debe cumplirse?",Respeto y atención diferenciada,"Veracidad, lealtad, eficiencia","Respeto, probidad y eficiencia","Silencio, manejo de la información",C,"Respeto, probidad y eficiencia"
2025-I,Medicina Tipo B,13,"La pertinencia cultural en los servicios de salud implica que durante todo el proceso de la atención se tome en cuenta las características de la población a la que se atiende, en función a su cultura y contexto social. Evaluando cuatro dimensiones: gestión para la calidad de la atención, revaloración del sistema de salud tradicional, recursos humanos que promueven la salud intercultural y la …",atención intercultural.,interculturalidad en salud.,participación ciudadana.,inclusión social.,C,participación ciudadana.
2025-I,Medicina Tipo B,14,Dentro del paquete preventivo de salud del adolescente. ¿Cuántas mediciones al año de hemoglobina debe realizarse?,2,6,4,1,A,2
2025-I,Medicina Tipo B,15,"El lunes 30 de marzo se apersonan a un puesto de salud de categoría I-3, 15 personas con vómitos y diarrea, quienes participaron en una pollada el día anterior. El caso es identificado como una Enfermedad Transmitida por Alimentos. ¿En qué momento se realiza la notificación epidemiológica del brote al nivel inmediato superior?",De manera inmediata,Cuando se reporta el VEA de la semana,Hasta las 48 horas,Al alta de los pacientes,A,De manera inmediata
2025-I,Medicina Tipo B,16,"Realizando visita domiciliaria, según el plan del cuidado integral de salud de las personas adultas mayores, se encuentra a un varón de 66 años de edad, vive solo; refiere tener “mal de ojo”, presenta “dolor de cabeza y dolor muscular”, llegará el curandero, realizará una limpia con cuy macho de color negro. Se le muestra interés e integración de los cuidados que requiere. ¿Éste enunciado se denomina?",Población indígena,Cultura,Salud pública,Interculturalidad en salud,D,Interculturalidad en salud
2025-I,Medicina Tipo B,17,El análisis de la situación actual es una fase del planeamiento estratégico. ¿En qué fase del ciclo se encuentra?,2,4,3,1,D,1
2025-I,Medicina Tipo B,18,Se requiere implementar un plan de cuidado integral de salud del adulto mayor para la prevención de caídas. ¿Qué acción de cuidados será recomendable implementar en adultos mayores frágiles?,Descarte de enfermedades crónicas,Implementar visitas domiciliarias periódicas,Completar los esquemas de vacunación,Consejería para realizar ejercicio físico,D,Consejería para realizar ejercicio físico
2025-I,Medicina Tipo B,19,"Después de brindar una atención por violencia sexual a una paciente de 13 años, se debe presentar un informe social, requerido por las autoridades del Poder Judicial. Si hay información que faltan a la verdad está cometiendo actos en contra de:",Ética,Beneficencia,Responsabilidad,Justicia,A,Ética
2025-I,Medicina Tipo B,20,"Mujer de 45 años, presenta desde hace más de dos semanas ánimo bajo, poca energía, disminución de la actividad, anhedonia, sueño alterado, apetito disminuido, baja autoestima, estado de ánimo variable y cefalea intensa. ¿Cuál es el diagnóstico más probable?",Depresión mayor,Trastorno bipolar,Distimia,Episodio depresivo,D,Episodio depresivo
2025-I,Medicina Tipo B,21,"Si se orienta la formulación y actualización de las políticas y los planes en todos los niveles del gobierno, se refiere a ...…, a las cuales debe alinear sus objetivos operativos.",estrategias institucionales,acciones institucionales,desarrollos institucionales,organizaciones institucionales,A,estrategias institucionales
2025-I,Medicina Tipo B,22,Se define como transición epidemiológica al proceso de paso del predominio de enfermedades …… a la preponderancia de las enfermedades...,degenerativas / infecciosas.,infecciosas / crónicas.,crónicas / infecciosas.,infecciosas / prevalentes.,B,infecciosas / crónicas.
2025-I,Medicina Tipo B,23,En el manejo integral de una paciente de 50 años con diabetes mellitus tipo II. ¿Qué valor de hemoglobina glicosilada indica un control metabólico óptimo?,< 7%,< 6.5%,< 6%,< 7.5%,A,< 7%
2025-I,Medicina Tipo B,24,Según la normativa nacional de salud para la prevención y control de la anemia. ¿Cuál es la dosis oral diaria de hierro elemental y ácido fólico recomendada para tratamiento de una gestante con anemia ferropénica?,120 mg y 800 ug,200 mg y 1000 ug,60 mg y 400 ug,80 mg y 600 ug,A,120 mg y 800 ug
2025-I,Medicina Tipo B,25,"Los medicamentos que han perdido su eficacia y que han llevado a diezmar la efectividad en la lucha contra la tuberculosis, las enfermedades diarreicas y la neumonía debido a la resistencia antimicrobiana, se debe a:",Uso de medicamentos genéricos,Uso adecuado de medicamentos de marca,Petitorio de los mismos medicamentos,Uso irracional de medicamentos,D,Uso irracional de medicamentos
2025-I,Medicina Tipo B,26,"En el análisis FODA, los aspectos positivos de los recursos y actividades internas con que cuenta la institución, se les define cómo:",Estrategias,Oportunidades,Fortalezas,Amenazas,C,Fortalezas
2025-I,Medicina Tipo B,27,"Una prueba de screening que tiene muy baja sensibilidad, tiene mayor probabilidad de clasificar a sujetos enfermos como sanos. ¿Qué tipo de resultado es?",Valor predictivo positivo,Falso positivo,Falso negativo,Sensibilidad ineficiente,C,Falso negativo
2025-I,Medicina Tipo B,28,"¿Cuál es el plazo máximo en días para entregar copia autenticada de la historia clínica y epicrisis, cuando el usuario de salud o su representante legal lo solicite?",7,3,5,10,C,5
2025-I,Medicina Tipo B,29,"Un servidor público, brinda información de un diagnóstico médico, a personas de la comunidad. ¿Qué principio ético está vulnerando?",Individualidad,Respeto,Seguridad,Confidencialidad,D,Confidencialidad
2025-I,Medicina Tipo B,30,"En un estudio sobre la depresión en adolescentes en su comunidad, aplica un instrumento de detección de depresión en estudiantes de 5° año de secundaria de un colegio cercano al establecimiento. ¿Qué tipo de muestreo está realizando?",No probabilístico,Probabilístico,Censal,Estadístico,A,No probabilístico
2025-I,Medicina Tipo B,31,"En la enfermedad de la Tuberculosis, la presencia del agente infeccioso (Mycobacterium tuberculosis), corresponde a una causa...",necesaria y suficiente.,necesaria pero no suficiente.,de tipo ambiental.,no necesaria pero suficiente.,B,necesaria pero no suficiente.
2025-I,Medicina Tipo B,32,"Milena, una obstetra serumista coloca una ampolla intramuscular de metamizol a una gestante que viene con fiebre, minutos después siente mareos, nauseas y se observa en la zona de aplicación un rash; por tanto ella debe consignar en la historia clínica de manera obligatoria las sospechas de reacciones adversas y reportarlas en el formato correspondiente y remitirlo al comité de ...... y tecnovigilancia de la IPRESS en los plazos correspondientes.",auditoría externa,control interno,farmacovigilancia,auditoría interna,C,farmacovigilancia
2025-I,Medicina Tipo B,33,"La ética sugiere aquello que es deseable y condena lo que no debe hacerse, mientras que la deontología cuenta con las herramientas administrativas para garantizar que la profesión se ejerza de manera ética. ¿Con qué debe contar un profesional de la salud para su ejercicio profesional?",Diplomados,Currículo vitae documentado,Estudios de posgrado,"Título profesional, colegiatura",D,"Título profesional, colegiatura"
2025-I,Medicina Tipo B,34,"Gestante de 36 años de edad, acude con cefalea intensa y visión borrosa; antecedente: HTA. Al examen: REG, BEN, BEH, LOTEP, FC: 70X'; FR: 20X'; T°: 36.8°C; PA: 170/110mmHg; edema en miembros inferiores sin fóvea. Laboratorio: creatinina 1.2 mg/dl, plaquetas: 150.000/mm3. ¿Cuál es la conducta a seguir?",Sulfato de magnesio intravenoso,Administrar nifedipino vía oral,Transfusión de plaquetas,Finalizar el embarazo,A,Sulfato de magnesio intravenoso
2025-I,Medicina Tipo B,35,¿Cuál es la sospecha diagnóstica de cáncer infantil más probable cuando hay un aumento no controlado de glóbulos blancos en la médula ósea?,Neuroblastoma,Tumor de Wilms,Leucemia,Linfoma,C,Leucemia
2025-I,Medicina Tipo B,36,La sala situacional de salud es una herramienta que ofrece evidencia sobre la eficacia de las intervenciones en salud y sobre la capacidad de los sistemas de salud para responder a las necesidades de salud de la población. ¿Quiénes la deben conocer y analizar prioritariamente?,Promotores de salud y responsable de promoción de la salud,Coordinadores de red y responsable de epidemiología,Todo el personal de salud y autoridades locales,El responsable de epidemiologia y jefe de establecimiento,C,Todo el personal de salud y autoridades locales
2025-I,Medicina Tipo B,37,"Las acciones para mejorar la calidad de la atención orientados a mejorar la experiencia y la confianza de las personas, las familias y las comunidades en los servicios de salud, más allá de la optimización de los procesos, se enmarca dentro de las Funciones Esenciales de Salud Pública. ¿A qué función corresponde?",Asegurar el acceso y el uso racional de medicamentos,Financiamiento de la salud eficiente y equitativo,Acceso equitativo a servicios de salud integrales y de calidad,Desarrollo de recursos humanos para la salud,C,Acceso equitativo a servicios de salud integrales y de calidad
2025-I,Medicina Tipo B,38,"En una institución educativa primaria de 100 alumnos, se presenta un brote de varicela con 50 casos. ¿Cuál es el indicador y el valor que corresponde para caracterizar el riesgo?","Tasa de incidencia, 50%","Razón de prevalencia, 50%","Tasa de prevalencia, 500 x 1000 hab","Tasa de ataque, 50%",A,"Tasa de incidencia, 50%"
2025-I,Medicina Tipo B,39,"La transmisión del dengue a un huésped susceptible se da a través de la picadura de un zancudo hembra infectado (Aedes aegypti), estos zancudos pican preferentemente ...... y transmiten la enfermedad a varias personas durante toda su vida.",solo en época de lluvias,al atardecer y durante la noche,al amanecer y al atardecer,a medio día y sin lluvia,C,al amanecer y al atardecer
2025-I,Medicina Tipo B,40,"Un serumista está trabajando en un establecimiento de salud con población asignada, que cuenta con médico cirujano, profesionales de enfermería, obstetricia y personal técnico de enfermería. Según su cartera de servicios. ¿Cuál es el nivel de atención en el que se encuentra?",I-3,I-1,I-4,I-2,D,I-2
2025-I,Medicina Tipo B,41,"Varón de 20 años HSH, que acude a la consulta por presentar erupciones genitales y orales, además dolor ano-rectal y sangrado leve. Ha tenido dolor de cabeza, fiebre, mialgias y adenopatías cervicales hace 2 días. ¿Cuál es el tipo de diagnóstico de viruela del mono?",Sospechoso,Contacto directo,Caso secundario,Confirmado,A,Sospechoso
2025-I,Medicina Tipo B,42,"Mujer de 22 años víctima de violencia física, es derivada por la fiscalía para su atención integral en el establecimiento de salud. El área de psicología luego de la evaluación, inicia su plan de atención integral que constará de 10 sesiones. ¿Qué tipo de determinante social de la salud se está abordando?",Comercial,Económico,Estructural,Intermedio,C,Estructural
2025-I,Medicina Tipo B,43,"Para investigar la relación entre la anemia y la talla de niños de 5° grado de primaria de un colegio, usted acude un día de la semana para medir la Hb y talla a todos ellos. ¿Qué enfoque de investigación está realizando?",Observacional,Cualitativo,Cuantitativo,Mixto,C,Cuantitativo
2025-I,Medicina Tipo B,44,"Niño de 3 años de edad, no tiene controles en crecimiento y desarrollo, por lo que el personal de salud acude a su casa para evaluarlo. ¿Cómo demostraría que está en riesgo nutricional?",Curva Peso/Talla de lento crecimiento,Pérdida lenta de peso,Acercamiento a la mediana,Curva Peso/Talla es plana,D,Curva Peso/Talla es plana
2025-I,Medicina Tipo B,45,Usted se entera que en un EESS administraron una medicación que produjo un daño discapacitante en un paciente. ¿Qué medida inmediata hubiera tomado para manejar esta situación?,Notificarlo al nivel inmediato superior,Medidas de mejora en el EESS,Informar a los familiares,Mejorar el proceso de atención sanitaria en EESS,A,Notificarlo al nivel inmediato superior
2025-I,Medicina Tipo B,46,"La salud pública está afectada por sobrepoblación mundial, grandes conflictos políticos-sociales y la pobreza creciente; como consecuencia inicial de estos fenómenos. ¿Qué ocurre principalmente?",El aumento en la incidencia de enfermedades,El surgimiento de nuevas enfermedades,La aparición de enfermedades epidémicas,Las crisis psicosociales,A,El aumento en la incidencia de enfermedades
2025-I,Medicina Tipo B,47,"Mujer de 70 años, procedente de Loreto, hace 2 días presentó fiebre de 39°C, dolor de articulaciones y cefalea, el día de hoy acude al establecimiento con vómitos persistentes y sangrado de mucosas. Funciones vitales: T°: 36°C, PA: 100/70 mmHg, FR: 28X'. ¿Qué tipo de dengue es?",Hemorrágico con signos de alarma,Confirmado sin signos de alarma,Probable con signos de alarma,Grave,C,Probable con signos de alarma
2025-I,Medicina Tipo B,48,Se reportan 2 casos de peste en el hospital y se ha restringido el ingreso. Los casos son de la comunidad y no se sabe si hay más casos. ¿Cuál es la medida inicial a tomar?,Medidas de bioseguridad e identificar las casas de infectados,Medidas de control químico de pulgas,Control de roedores,Ordenamiento ambiental,A,Medidas de bioseguridad e identificar las casas de infectados
2025-I,Medicina Tipo B,49,Los sistemas de vigilancia en salud (SVES) son la guía para la acción que el personal de salud utiliza para tomar decisiones prácticas frente a los problemas de salud. El tipo tradicional se caracteriza por que se...,incluye los procedimientos del proceso de la práctica «centinela».,usa mediciones sistemáticas.,usan datos específicos de información adicional.,basan en los sistemas de declaración de enfermedades transmisibles y morbilidad.,D,basan en los sistemas de declaración de enfermedades transmisibles y morbilidad.
2025-I,Medicina Tipo B,50,"Usted va a realizar un estudio sobre la obesidad infantil en un colegio de la pequeña comunidad donde labora, pero el director le pide que los padres autoricen voluntariamente la participación de sus menores hijos. ¿Qué documento debe usar para este cometido?",Consentimiento informado,Compromiso paterno,Carta de investigación,Asentimiento informado,A,Consentimiento informado
2025-I,Medicina Tipo B,51,"Para investigar la relación entre la anemia y el peso de niños de 6° grado de primaria de un colegio, usted acude un día de la semana para medir la Hb y el peso a todos ellos. ¿Qué método de investigación está realizando?",Observacional,Mixto,Experimental,Cuasi experimental,A,Observacional
2025-I,Medicina Tipo B,52,"Paciente mujer de 50 años, afroamericana, últimamente ha presentado zumbido de oído y visión borrosa, niega antecedentes personales patológicos. Examen: LOTEP, BEG, BEN, BEH; FC: 80X'; FR: 20X'; T°: 37°C; PA: 140/90mmHg, IMC: 32. ¿Cuál es la conducta ideal a seguir?",Realizar una nueva toma de PA,Iniciar tratamiento farmacológico,Confirmar presunción diagnóstica con AMPA,Confirmar presunción diagnóstica con MAPA,D,Confirmar presunción diagnóstica con MAPA
2025-I,Medicina Tipo B,53,"En pro de la salud y el desarrollo social entre los diferentes actores, en los distintos niveles de gobierno y de la sociedad, lo primero que se debe fortalecer son las...",decisiones multisectoriales.,alianzas estratégicas.,coordinaciones intersectoriales.,capacidades de gestión.,B,alianzas estratégicas.
2025-I,Medicina Tipo B,54,Se labora en un establecimiento de salud donde no hay una visión definida sobre el trabajo que se realiza; y existen muchos problemas interpersonales. Si se desea cambiar esta situación. ¿Qué se debe mejorar?,Plan de acción,Recursos humanos,Proyecto de mejora,Clima organizacional,D,Clima organizacional
2025-I,Medicina Tipo B,55,Ante la presencia de un caso probable de Tos Ferina. ¿Cuáles son las medidas a implementar?,"Jornada de vacunación, quimioprofilaxis, búsqueda de contactos indirectos","Seguimiento de contactos, búsqueda activa comunitaria e institucional, bloqueo vacunal","Búsqueda de casos secundarios, barrido vacunal, inamovilidad del caso","Censo de contactos, barrido vacunal, investigación del caso índice",B,"Seguimiento de contactos, búsqueda activa comunitaria e institucional, bloqueo vacunal"
2025-I,Medicina Tipo B,56,"¿Qué se define como la forma característica de pensar y hacer las cosas en una entidad, en base a principios, valores, creencias, conductas y normas?",Valores institucionales,Cultura organizacional,Clima organizacional,Principios institucionales,B,Cultura organizacional
2025-I,Medicina Tipo B,57,"¿Cuál es el tipo de prevención cuyo objetivo es disminuir el avance y las complicaciones de la enfermedad establecida, mediante acciones orientadas a disminuir las secuelas y la discapacidad?",Cuaternaria,Terciaria,Primaria,Secundaria,B,Terciaria
2025-I,Medicina Tipo B,58,"En la metodología del análisis FODA, el comportamiento de la población, costumbre y hábitos negativos que son difíciles de cambiar, se identifican como:",Debilidades,Oportunidades,Amenazas,Negatividad,C,Amenazas
2025-I,Medicina Tipo B,59,"En relación al almacenamiento de medicamentos: “Las condiciones de almacenamiento deben ser las recomendadas por el …… y autorizadas en el rotulado del producto, pudiendo ser de congelación, temperatura de refrigeración, temperatura ambiente y temperatura ambiente controlada, lo cual debe estar indicado en su procedimiento …… de almacenamiento.”",jefe / establecido,fabricante / operativo,director / organizativo,farmacéutico / rutinario,B,fabricante / operativo
2025-I,Medicina Tipo B,60,"¿Cuáles son los medicamentos y productos biológicos que cubren la mayor parte de la morbilidad en el país, que luego de una evaluación técnica especializada multidisciplinaria han demostrado ser seguros, eficaces, costo-efectivos y deben estar disponibles en todo momento?",Básicos,Comunes,Genéricos,Esenciales,D,Esenciales
2025-I,Medicina Tipo B,61,Se desea reorganizar el servicio de admisión y para ello es necesario separar las historias clínicas. ¿Cuántos años se debe considerar para el archivo pasivo de historias clínicas que no han sido requeridas?,Más de 10,Más de 15,Más de 1,Más de 5,D,Más de 5
2025-I,Medicina Tipo B,62,Usted trabaja en un centro de salud y advierte que la población que acude son personas adultas mayores en un 80%. ¿Qué medida inicial puede tomar para mejorar su atención?,Promover la educación en la comunidad,Tener un enfoque de derechos,Favorecer la participación de la familia,Fortalecer su equipo multidisciplinario,D,Fortalecer su equipo multidisciplinario
2025-I,Medicina Tipo B,63,"Personal de serenazgo, lleva al centro de salud a un paciente adulto mayor con problemas de salud y sin familiares, presenta indigencia y sin documentos. ¿Qué derecho se le atribuye?",Consentimiento informado,Acceso a la información,Recuperación,Acceso a servicios de salud,D,Acceso a servicios de salud
2025-I,Medicina Tipo B,64,"Un profesional de la salud desea realizar una ecografía, pero no cuenta en su centro con ese apoyo diagnóstico. Para realizar una referencia a otro establecimiento de salud. ¿Qué debe evaluar?",Categorización,Flujograma,Organigrama,Cartera de servicios,D,Cartera de servicios
2025-I,Medicina Tipo B,65,"¿Cuál es la medida de tendencia central que se interpreta como el promedio de los datos, y se construye con la suma de todos los datos observados entre el total de observaciones?",Rango,Mediana,Moda,Media,D,Media
2025-I,Medicina Tipo B,66,"Mujer de 52 años acude al establecimiento refiriendo sequedad vaginal y dispareunia desde hace unos 6 meses, tiene antecedente de menopausia hace un año. ¿Cuál es la conducta más apropiada para esta paciente?",Recomendar uso de lubricante vaginal,Referir a especialista de ginecología,Prescribir estrógeno local vaginal,Prescribir terapia de reemplazo hormonal,C,Prescribir estrógeno local vaginal
2025-I,Medicina Tipo B,67,"¿A qué corresponde la siguiente definición?: “Es la condición ideal en la población en la que todos tienen la oportunidad de acceder al cuidado de su salud y acceder a atenciones de salud, en el momento que lo requiera, y que no sea alterada por razones evitables y por tanto injustas”",Calidad,Equidad en salud,Universalidad,Integralidad,B,Equidad en salud
2025-I,Medicina Tipo B,68,"Usted desea motivar a su personal de salud para realizar una investigación científica sobre la anemia infantil en su comunidad, para ello les dice que el principal propósito de la investigación científica es...",consolidar el trabajo en equipo.,generar conocimiento científico útil.,captar inversiones en salud.,mejorar la gestión de la salud.,B,generar conocimiento científico útil.
2025-I,Medicina Tipo B,69,"Madre quechua hablante de 30 años, tiene niño de un año con diarrea y deshidratación; ella niega su atención en el establecimiento de salud, porque según su creencia el caso corresponde a “susto” y lo debe atender el curandero. ¿Cómo procedes ante este caso?","Llegas a un acuerdo en la terapia del niño, respetando sus creencias",Discrepas con su decisión porque no es correcto,Solicitar al presidente de la comunidad que intervenga,Constatar con la policía y la autoridad comunal,A,"Llegas a un acuerdo en la terapia del niño, respetando sus creencias"
2025-I,Medicina Tipo B,70,Dentro de las intervenciones de promoción de la salud. El programa “familia saludable” considera a la a familia como la unidad de ...... de mayor eficacia.,análisis,soporte,intervención,riesgo,C,intervención
2025-I,Medicina Tipo B,71,"El C.S. Paz, ha sectorizado su jurisdicción para realizar intervenciones de promoción y prevención basados en el Modelo de Cuidado Integral de la Familia y Comunidad por Curso de Vida. En el marco de las Funciones Esenciales de la Salud Pública renovada, esta acción corresponde a la etapa de:",Desarrollo de políticas,Evaluación,Asignación de recursos,Acceso,D,Acceso
2025-I,Medicina Tipo B,72,"En el centro de salud de Lamas, reportan que un varón de 30 años, presenta fiebre, malestar general, sangrado y shock. Se informa que han aparecido muchos más casos en estos días y se sospecha de un brote de fiebre amarilla. Siendo Ro: el número promedio de casos nuevos que genera un caso dado a lo largo de un período infeccioso. ¿Cuál es el Ro que se espera tener en brote de fiebre amarilla?",Ro > 0.5,Ro > 1,Ro = 0,Ro < 1,B,Ro > 1
2025-I,Medicina Tipo B,73,Dentro del modelo de atención integral en la etapa de vida adulto mayor. ¿Qué test de valoración de deterioro cognitivo puede aplicar en el primer nivel de atención?,De Yesavage,MOCA,Del reloj,De Pfeiffer,D,De Pfeiffer
2025-I,Medicina Tipo B,74,"Según la historia natural de la enfermedad, identificar una persona con diabetes en la fase subclínica corresponde al periodo ...... y el nivel de prevención es...",patogénico / secundario.,pre patogénico / secundario.,patogénico / terciario.,patogénico / primario.,A,patogénico / secundario.
2025-I,Medicina Tipo B,75,"Al Centro de Salud de Chuquibamba de la provincia de Condesuyos, acude una gestante añosa, en periodo expulsivo, con antecedentes de preeclampsia; el parto se complica y fallecen madre y niño. Ante este evento. ¿Qué Auditoría de la Calidad de la Atención en Salud corresponde seguir?",De caso,Dirimente,Regular,Externa,A,De caso
2025-I,Medicina Tipo B,76,Al llegar a su comunidad de SERUMS observa que hay baja adherencia a la lactancia materna por lo cual plantea hacer una investigación sobre factores asociados a lactancia materna. ¿Qué debe realizar en primer lugar para su estudio?,Revisar literatura científica sobre el tema,Elaborar su pregunta de investigación,Elegir los objetivos de estudio,Definir sus instrumentos de medición,A,Revisar literatura científica sobre el tema
2025-I,Medicina Tipo B,77,El personal de un establecimiento de salud desea saber lo que debe desarrollar prioritariamente. ¿Qué componente debe conocer para orientar sus objetivos estratégicos?,FODA,Misión,Valores,Visión,B,Misión
2025-I,Medicina Tipo B,78,"Salud Escolar lleva a cabo la vacunación masiva, descarte de anemia, cuidado de la salud bucal, desparasitación a los alumnos de las IE públicas. En cumplimiento al derecho de ......, se hace de conocimiento a los padres de familia quienes firman y el personal interviene atendiendo.",justicia,consentimiento informado,autorización,beneficencia,B,consentimiento informado
2025-I,Medicina Tipo B,79,"¿A qué corresponde la siguiente definición?: “Es el conjunto de acciones que desarrolla un profesional de la salud mediante el uso de las TIC, para proporcionar a la persona usuaria de salud, consejería y asesoría con fines de promoción de la salud, prevención, recuperación o rehabilitación de las enfermedades”.",Telemonitoreo,Teleconsulta,Teleorientación,Teleinterconsulta,C,Teleorientación
2025-I,Medicina Tipo B,80,"En adultos de 18 años a más con HTA esencial, sin otras comorbilidades. ¿Qué grupo farmacológico se debe prescribir como primera elección?",Inhibidores de aldosterona,Diuréticos de asa,Betabloqueadores,Diuréticos tiazídicos,D,Diuréticos tiazídicos
2025-I,Medicina Tipo B,81,"Llega al centro materno una gestante proveniente del sur de nuestro país, quién solicita tener un parto vertical. Como profesional de la salud. ¿Cómo procedería para atender y responder al requerimiento de la paciente?",Denegarle la atención,Enviarla a otro establecimiento,Persuadir su deseo,Respetar su pedido,D,Respetar su pedido
2025-I,Medicina Tipo B,82,"Un paciente fue referido para evaluación y tratamiento por una probable gastritis a un nivel de atención superior. Se resolvió su problema de salud de manera parcial, continuando su tratamiento en su establecimiento de origen. ¿En qué condición considera fue contrarreferido?",Curado,Mejorado,Deserción,Retiro voluntario,B,Mejorado
2025-I,Medicina Tipo B,83,"Mujer de 55 años, señala que su esposo se hizo prueba de papilomavirus y salió positiva. Acude a control al centro materno y le realizan tamizaje con PAP que salió positivo. ¿Qué prueba está en el siguiente paso en el flujograma de atención de cáncer de cuello uterino?",Curetaje endocervical,Tomar biopsias,Colposcopía,Nuevo PAP,C,Colposcopía
2025-I,Medicina Tipo B,84,¿Cuáles son los principales ejes estratégicos que garantizan el éxito de la participación comunitaria en la planeación en salud?,"El abordaje territorial, espacios participativos y la familia como base",La actitud política y el esfuerzo de la administración local,Los cambios en la realidad económico-social y ordenanzas municipales,La participación comunitaria y escuelas saludables,A,"El abordaje territorial, espacios participativos y la familia como base"
2025-I,Medicina Tipo B,85,"Para elaborar los planos de un futuro establecimiento de salud I-3, se reúne el equipo de salud. ¿Qué ambiente es necesario según normativa?",Área de internamiento,Depósito y lavado de carros,Zona de almacenamiento de residuos contaminados,Zona de selección de residuos sólidos,D,Zona de selección de residuos sólidos
2025-I,Medicina Tipo B,86,"En un establecimiento de salud que tiene bajos indicadores de desempeño, se desea realizar un concepto compartido para un futuro mejor, pues cada quien tiene una idea diferente de lo que se quiere lograr. ¿Qué componente estratégico se debe plantear entre todos?",Visión,FODA,Misión,Valores,A,Visión
2025-I,Medicina Tipo B,87,"Son comportamientos que pueden o no ser saludables e influir de manera positiva o negativa en la salud del individuo, caracterizan el modo de vida de un individuo y suelen ser permanentes. Esta definición corresponde a:",Estilo de vida,Práctica,Hábito saludable,Autocuidado,A,Estilo de vida
2025-I,Medicina Tipo B,88,En una farmacia se va a instalar el control termostático de la unidad de refrigeración. ¿Qué se debe tener en cuenta con los sensores?,Dependientes del sistema de monitoreo,Con exactitud de aproximadamente 0.3°C,Deben estar calibrados,Áreas con poca variabilidad en temperatura,C,Deben estar calibrados
2025-I,Medicina Tipo B,89,"El POI Multianual del Ministerio de Salud es ……, en el cual se establece la programación de metas físicas y de costeo que se espera alcanzar en los próximos tres años.",instrumento de articulación,herramienta de articulación,instrumento de gestión,herramienta de gestión,C,instrumento de gestión
2025-I,Medicina Tipo B,90,"Comprende la sucesión de eventos que ocurren a lo largo de la existencia de las personas y la población, los cuales interactúan para influir en su salud desde la preconcepción hasta la muerte. ¿A qué definición se refiere?",Cuidado integral,Curso de vida,Vías de cuidados,Determinante social,B,Curso de vida
2025-I,Medicina Tipo B,91,¿Cuándo indicaría usted iniciar la higiene oral para generar el hábito saludable del cepillado dental?,A partir del año de vida,Al completar su dentadura decidua,Durante los primeros seis meses de vida,En cualquier momento de la vida,C,Durante los primeros seis meses de vida
2025-I,Medicina Tipo B,92,"Un serumista luego de haber diagnosticado y tratado un caso clínico muy interesante, ha hecho una revisión profunda de la literatura sobre el tema y desea compartirlo con la comunidad científica. ¿Qué tipo de informe de investigación debe preparar?",Artículo original,Revisión sistemática,Carta al editor,Reporte de caso,B,Revisión sistemática
2025-I,Medicina Tipo B,93,"En el informe final de su investigación sobre ansiedad en estudiantes de secundaria, requiere compartir la descripción del instrumento de screening de ansiedad utilizado, su validez y confiabilidad. ¿En qué sección de su informe debe incluirla?",Metodología,Introducción,Resultados,Marco teórico,A,Metodología
2025-I,Medicina Tipo B,94,Luego de la recolección y procesamiento de datos de su estudio para investigar si hay asociación entre el alcoholismo y la violencia familiar en adultos varones de su comunidad. ¿Qué análisis estadístico llevará a cabo?,Probabilístico,Descriptivo,Inductivo,Inferencial,D,Inferencial
2025-I,Medicina Tipo B,95,"En su comunidad observa con mucha frecuencia casos de alcoholismo en varones y también violencia física de ellos contra sus esposas, para investigar en el menor tiempo posible, si hay asociación entre el alcoholismo y la violencia familiar. ¿Qué diseño de estudio elegirá?",Analítico,Cuasi experimental,Descriptivo,Cohortes,A,Analítico
2025-I,Medicina Tipo B,96,"Para medir el riesgo de una enfermedad en la comunidad, se utilizan medidas de morbilidad como la incidencia que mide la …... y la prevalencia que mide la …… de la enfermedad.",virulencia / frecuencia,casos antiguos / casos nuevos,proporción / frecuencia,velocidad / magnitud,D,velocidad / magnitud
2025-I,Medicina Tipo B,97,En el proceso de redacción del informe final de su estudio transversal analítico sobre la relación entre la ingesta de bebidas gaseosas y sobrepeso; usted desea que todas las secciones tengan coherencia entre sí. ¿Qué herramienta debe usar para verificarla?,Revisión de Turniting,Matriz de operacionalización,Lista de verificación,Matriz de consistencia,D,Matriz de consistencia
2025-I,Medicina Tipo B,98,"En el centro de salud, al colocar un inyectable intramuscular a un paciente, el personal se pincha el dedo pulgar. El status VIH del paciente es desconocido. ¿Qué acciones debe realizarse inmediatamente?",Se valora la severidad del accidente ocupacional,"Realizarse serologías para VIH basal, a las 6 semanas y a los 3 meses",Lavarse la herida con agua y tomar los antirretrovirales lo antes posible,Se debe iniciar los ARV a las 72 horas post-exposición,C,Lavarse la herida con agua y tomar los antirretrovirales lo antes posible
2025-I,Medicina Tipo B,99,¿Cuál es la mejor conducta frente a un personal de salud asistencial que no puede acreditar su vacunación previa contra el virus de Hepatitis B en el primer nivel de atención?,Vacunación desde la primera dosis,No es obligatoria su vacunación,Referencia a un hospital,Vacunación de una dosis de refuerzo,A,Vacunación desde la primera dosis
2025-I,Medicina Tipo B,100,"Debido a que se observaron muchos casos de suicidios en adolescentes en la comunidad donde usted labora, le encargan realizar un estudio descriptivo sobre la depresión en adolescentes en su comunidad ¿Cuál será la principal limitante del estudio?",No permitirá hallar asociación de variables,Sus resultados no serán extrapolables,El análisis estadístico será muy complejo,Demandará costos económicos muy elevados,A,No permitirá hallar asociación de variables
2025-II,Medicina I,1,"Usted se encuentra como serumista en Iñapari donde realiza visita domiciliaria a una adulta mayor de 82 años y que presenta lumbalgia, al indicarle medicamentos se niega refiriendo que en la zona existen plantas medicinales. ¿Cuál le indicarías?",Perejil,Tuna,Albahaca,Congona,D,Congona
2025-II,Medicina I,2,"En la atención de una paciente de 50 años con diabetes mellitus tipo 2, usted le explica que el perímetro de cintura refleja la presencia de obesidad abdominal e indirectamente el nivel de riesgo cardiovascular. En mujeres con diabetes. ¿Cuál es límite en cm del perímetro de cintura?",99,78,87,94,C,87
2025-II,Medicina I,3,"En la comunidad donde realiza su SERUMS usted observa un alta frecuencia de personas adultas mayores, según informan las autoridades desde hace una década se viene observando este hecho. Para comprender este envejecimiento poblacional y estimar su posible evolución. ¿Cuál es el mejor indicador de salud pública que debe conocer en dicha comunidad?",Tasa de migración,Índice de longevidad,Esperanza de vida,Tasa de fertilidad,D,Tasa de fertilidad
2025-II,Medicina I,4,"Paciente joven de 30 años con tratamiento anti-TB, que no mejora al tratamiento al tercer mes, no presenta deterioro clínico-radiológico. Ampliando la historia tiene antecedente de padre con diagnóstico de TBC-DR. ¿Cuál debe ser la conducta inicial del personal de salud?",Tomar una muestra de esputo para prueba de sensibilidad rápida,Debe hacerse la historia al padre,Debe iniciar tratamiento anti-TBC DR en este momento,Debe referirse al médico consultor,A,Tomar una muestra de esputo para prueba de sensibilidad rápida
2025-II,Medicina I,5,En un establecimiento de la comunidad andina acude una gestante de 39.3 semanas con antecedentes de HTA crónica y diabetes gestacional que no cuenta con todos sus controles prenatales y solicita parto vertical. Usted como médico. ¿Qué conducta debe seguir?,Se niega a prestar atención,Retorna al domicilio a la gestante,Atiende el parto vertical,Referir a centro de mayor complejidad,D,Referir a centro de mayor complejidad
2025-II,Medicina I,6,"Todo servidor público debe ...… y ...… los bienes del Estado, debiendo utilizar los que le fueran asignados para el desempeño de sus funciones de manera racional, evitando su abuso, derroche o desaprovechamiento, sin emplear o permitir que otros empleen los bienes del Estado para fines particulares o propósitos que no sean aquellos para los cuales hubieran sido específicamente destinados.",ejecutar / depositar,usar / cuidar,atesorar / utilizar,proteger / conservar,D,proteger / conservar
2025-II,Medicina I,30,¿Qué tipo de anemia tendrá el recién nacido?,Megaloblástica,Ferropénica,Por déficit de ácido fólico,Fisiológica,B,Ferropénica
2025-II,Medicina I,8,"Paciente mujer de 85 años hipertensa, antecedente de caída. Ha estado hospitalizada por insuficiencia respiratoria tipo 2 por EPOC y ha recibido antibióticos por neumonía e ITU por E coli resistente. Tiene glaucoma y tolera la VO. Examen: PA: 120/80, FC: 74 X', FR:16 X', T°: 37 °C; estable, despierta y afebril. Respecto a los cuidados del adulto mayor. ¿Cuál es la conducta inmediata a seguir?",Solo valoración nutricional antropométrica,Tamizaje de enfermedades no transmisibles,Buenas prácticas de higiene y sanitaria,Inmunizaciones para influenza y neumonía,D,Inmunizaciones para influenza y neumonía
2025-II,Medicina I,9,"¿Cómo se denomina a los eventos adversos severos que provocan alteraciones intensas en las personas, economía, sistemas sociales y el medio ambiente, causadas por sucesos naturales o generadas por la actividad humana o por la combinación de ambos que exige la ayuda externa?",Catástrofes,Desastres,Cataclismos,Emergencias,B,Desastres
2025-II,Medicina I,10,"El responsable del establecimiento de salud, está recibiendo la relación y stock de materiales e insumos para la atención de la gestante y se percata que hay productos vencidos (hace un mes), que ya no pueden ser consumidos para la atención. ¿Cuál es el procedimiento a seguir?",Solicitar a farmacia la rotación a otro establecimiento de salud,Mantenerlo en su stock hasta nuevo requerimiento,Devolver a farmacias con informe,Eliminar el producto,C,Devolver a farmacias con informe
2025-II,Medicina I,11,"En su comunidad de Huancavelica tiene un paciente masculino de 45 años sedentario, obeso, con malos hábitos dietéticos, consumidor frecuente de alcohol que lo lleva a la violencia familiar. ¿Qué determinante de salud evaluado es el más importante?",Estilos de vida,Sistema sanitario,Medio ambiente,Biología humana,A,Estilos de vida
2025-II,Medicina I,12,"Durante una campaña de salud sobre prevención del cáncer, se identifica a un adulto de 40 años completamente asintomático, pero con antecedente familiar del padre con cáncer colorrectal. ¿Cuál es la recomendación más adecuada en este caso?",Colonoscopía a partir de los 60 años,Colonoscopía cada 5 años,Prueba de sangre oculta en heces cada 5 años,Observación clínica para decidir colonoscopía,B,Colonoscopía cada 5 años
2025-II,Medicina I,13,Los niveles de categorización de los establecimientos de salud lo asigna…,la Dirección de Servicios de Salud.,la Dirección de Gestión de Establecimientos.,el Comité Técnico de Categorización.,el Comité de Médicos Auditores.,C,el Comité Técnico de Categorización.
2025-II,Medicina I,14,"Varón de 4 años procedente de Ucayali traído a su control de crecimiento y desarrollo. Examen: FC: 105 X', FR: 23 X', Tº: 37 °C; mucosas pálidas, astenia marcada, abdomen globuloso doloroso a la palpación. ¿Cuál es la conducta a seguir?",Referir al establecimiento con la capacidad resolutiva correspondiente para tratamiento médico,"Dosaje de hemoglobina o hematocrito sin examen seriado de heces, para descartar anemia",Valoración por pediatría,Medicar con antiparasitarios y sales de hierro polimaltosado,D,Medicar con antiparasitarios y sales de hierro polimaltosado
2025-II,Medicina I,15,"En su establecimiento de salud de primer nivel acude la madre con su niño de 8 años quien presenta fiebre persistente de varios días, al examen se le observa decaído, con palidez marcada y algunos equimosis y petequias. ¿Cuál es la conducta más adecuada a seguir?",Administrar sintomáticos y reevaluar en una semana,Administrar suplementos de hierro y ácido fólico,Monitorear evolución clíníca para definir conducta a seguir,Referir de inmediato a un establecimiento especializado,D,Referir de inmediato a un establecimiento especializado
2025-II,Medicina I,16,"Paciente varón de 70 años, es traído al centro de salud por presentar disnea y alza térmica desde hace 2 días; refiere hospitalización previa por IRA hace 7 días en otro establecimiento. Examen: FC: 110 X', FR: 30 X', T°: 38.5 °C, PA: 120/70 mmHg, SatO2: 80%; luce decaído y agitado; presenta crepitantes húmedos en la base derecha. Se le coloca una cánula binasal a 4 litros por minuto y la SatO2 sube a 84% y se agregan tirajes respiratorios. ¿Cuál es la conducta a seguir en este caso?",Observación y monitoreo cercano,Referir al paciente a un centro de mayor nivel,Tomar exámenes de laboratorio,Colocar una máscara de venturi,B,Referir al paciente a un centro de mayor nivel
2025-II,Medicina I,17,"Como médico serumista atiende a una paciente mujer de 40 años, quien refiere que desde hace un mes, la mayor parte del tiempo presenta: anhedonia, fatigabilidad, insomnio, baja autoestima y no desea ir a trabajar. Refiere haber tenido un cuadro similar en su adolescencia. ¿Cuál es su diagnóstico más probable?",Trastorno bipolar,Trastorno de somatización,Episodio depresivo,Trastorno adaptativo,C,Episodio depresivo
2025-II,Medicina I,18,"En la comunidad Aymara donde estás como serumista, presentas dificultades para comunicarte con los pacientes; la acción de buscar un traductor para facilitar la atención médica. ¿Qué principio intercultural se cumple en este caso?",Diversidad cultural,Equidad,Promoción de la inclusión,Creatividad cultural,A,Diversidad cultural
2025-II,Medicina I,19,"En el establecimiento de salud I-1 se programó una visita de salud familiar por el equipo multidisciplinario a fin de desarrollar intervenciones de promoción y prevención en la familia de una gestante de 42 años, G5P4004; EG: 36 semanas; identificándose riesgos. ¿Qué instrumento es el adecuado a utilizar para este fin?",Historia clínica,ECOMAPA,Familiograma,Ficha familiar,D,Ficha familiar
2025-II,Medicina I,20,"Es un instrumento de gestión, que comprende la programación de las actividades operativas e inversiones de todas las dependencias del Ministerio, con sus respectivas metas físicas y financieras que esperan alcanzar en el año fiscal, las cuales deben estar alineadas con los objetivos y acciones estratégicas institucionales del Plan Estratégico Institucional (PEI) y permiten al Ministerio el ejercicio de sus competencias y su rol rector.",ROF,MOP,ASIS,POI,D,POI
2025-II,Medicina I,21,¿Cuál es el ámbito donde se desarrollan procesos de integración de la información de vigilancia de las situaciones de salud en periodos normales y de emergencia para la toma decisiones en salud pública?,Sala de situación de salud,Comité de inteligencia sanitaria,Análisis de situación de salud,Vigilancia epidemiológica,A,Sala de situación de salud
2025-II,Medicina I,22,"Paciente de 45 años viene a la consulta en centro de salud de Huamanga- Ayacucho por presentar ictericia, fiebre y decaimiento. Señala que tiene resultado de HBSAg reactivo hace un año, señala que viene de Huamanguilla a 3 horas de camino y que varios vecinos con ictericia leve y síntomas parecidos. Ante la sospecha de un brote. ¿Cuál es la primera etapa de la investigación epidemiológíca a realizar?",Identificación de los casos,Hacer vigilancia epidemiológica,Intervención del brote,Investigación preliminar,D,Investigación preliminar
2025-II,Medicina I,23,¿Qué actividades de vigilancia entomológica realizarías en tu comunidad asignada conociendo que no existe el vector ni casos pero tiene las condiciones ambientales para la infestación?,A través de las inspecciones de las viviendas de acuerdo del tipo del muestreo aleatorio sistemático,Post control por muestreo aleatorio sistemático dependiendo el tipo de larvicida en uso,Semanales en un punto crítico con ovitrampas,Quincenales con ovitrampa en localidades seleccionadas con bajos niveles de infestación,C,Semanales en un punto crítico con ovitrampas
2025-II,Medicina I,24,En su condición de médico jefe de establecimiento de salud del primer nivel de atención recibe la solicitud formal del ministerio público para la entrega de una copia de la historia clínica de un paciente atendido. ¿Cuál es el plazo máximo que tiene usted para hacer entrega de lo solicitado?,3 días,10 días,7 días,5 días,D,5 días
2025-II,Medicina I,25,"Como médico serumista jefe del establecimiento de primer nivel de atención (I-2), le informan sobre una señora de 80 años que vive en la comunidad, que tiene demencia en fase avanzada y dismovilidad crónica severa, desde hace 1 semana presenta tos y mayor somnolencia ¿Cuál es la medida a tomar dentro del paquete del cuidado integral de salud del adulto mayor?",Referir a un nivel de salud superior para ser evaluada,Ordenar su ingreso hospitalario por el área de emergencia,Programar con el equipo de salud una atención domiciliaria,Brindar una evaluación integral inmediata en el establecimiento,C,Programar con el equipo de salud una atención domiciliaria
2025-II,Medicina I,26,"Se le encarga implementar los servicios de salud con pertinencia cultural, en ese contexto. ¿Qué líneas de acción debe considerar?",Infraestructura adecuada,Recursos humanos especializados,Inclusión social,Revaloración del sistema de salud tradicional,D,Revaloración del sistema de salud tradicional
2025-II,Medicina I,27,"Como médico serumista ha observado varios casos de violencia familiar, por tal motivo decide investigar el tema y para ello visita los hogares de los casos detectados y entrevista a los afectados y a sus familiares luego analiza la información obtenida y plantea explicaciones del problema. ¿Cuál es el enfoque de investigación usado?",Cuantitativo,Cualitativo,Científico,Mixto,B,Cualitativo
2025-II,Medicina I,28,"Una localidad de su establecimiento de salud frente a riesgo de brote de dengue se reúne con alcalde y presidente de la comunidad, para evaluar factores condicionantes; toman decisiones y logran acuerdos para reducir y eliminar dicho factor con el fin de evitar brote. ¿Qué tipo de acción se ha realizado?",Multidisciplinaria,Transdisciplinaria,Intersectorial,Promocional,C,Intersectorial
2025-II,Medicina I,29,"En el marco del ciclo de planeamiento estratégico la fase ...... es la encargada del diseño de objetivos y acciones estratégicas sectoriales en consistencia, alineamiento y coherencia con la definición de objetivos.",2,4,3,1,C,3
2025-II,Medicina I,30,"Paciente que acude a su área de salud con lesiones en piel, secreción verde grisácea después de estar hospitalizado 21 días, en el examen físico debes usar las medidas de protección adecuadas, lentes protectores, mascarillas, batas y guantes para evitar o disminuir tanto el riesgo de contaminación del paciente como del operador. ¿Qué tipo de guantes debes usar?",Amianto,Caucho natural,Algodón,Látex,D,Látex
2025-II,Medicina I,31,"Mujer de 45 años que acude al centro de salud de Jesús María con vida sedentaria y con malos hábitos dietéticos. Examen: sobre peso, FC: 89 X', FR: 18 X', PA: 130/95 mmHg; IMC: 26.2, perímetro abdominal: 108 cm. ¿Qué medidas de prevención debes tomar?",Tratamiento con antihipertensivos,"Charlas educativas sobre modo, condiciones, estilo de vida y trabajo con factores de riesgo modificables",Trabajar con factores de riego no modificables,Consulta a cardiología para consejería nutricional,B,"Charlas educativas sobre modo, condiciones, estilo de vida y trabajo con factores de riesgo modificables"
2025-II,Medicina I,32,El proceso que conduce a la clasificación de los establecimientos de salud según sus niveles de complejidad y características funcionales se denomina:,Categoría,Acreditación,Habilitación,Categorización,D,Categorización
2025-II,Medicina I,33,En la atención de un paciente varón de 50 años con diabetes mellitus tipo 2 usted le explica que el perímetro de cintura refleja la presencia de obesidad abdominal e indirectamente el nivel de riesgo cardiovascular. En varones con diabetes. ¿Cuál es el valor límite en cm del perímetro de cintura?,78,87,99,93,D,93
2025-II,Medicina I,34,"En su establecimiento de salud, se vienen realizando de forma intensiva actividades de promoción de conductas sexuales saludables en los jóvenes de su comunidad, observándose gran participación tanto de hombres como mujeres. ¿Qué enfoque transversal de promoción de la salud se ha logrado en esta comunidad?",Equidad de género,Interculturidad,Accesibilidad,Derecho a la salud,A,Equidad de género
2025-II,Medicina I,35,"En una comunidad en la selva han aparecido nuevos casos de malaria por Plasmodium vívax. La aparición de un nuevo caso depende de las características biológicas del ......, del ...... y ambiente que facilitan la aparición del mosquito Anopheles.",vector / agente,equilibrio ecológico / huésped,agente / vector,parásito / huésped,D,parásito / huésped
2025-II,Medicina I,36,"Usted se encuentra en Belempampa- Cusco donde acude un escolar de 7 años con su mamá por presentar herida en antebrazo derecho de 2 cm, usted indica sutura y su mamá se niega indicando que se le recomiende una planta de la zona. ¿Qué alternativa indicas?",Toronjil,Ruda,Orégano,Matico,D,Matico
2025-II,Medicina I,37,Como médico serumista y jefe de establecimiento de salud usted propone a la jefa del comedor popular una serie de charlas y talleres para las madres en el tema: cocinas libre de humo. ¿Qué programa de intervención en promoción de la salud está implementando?,Familias saludables,Viviendas saludables,Comedores saludables,Programa libre de cáncer,B,Viviendas saludables
2025-II,Medicina I,38,A Ud. le han asignado para trabajar un EESS de salud Nivel I en Amazonas y le informan que en su jurisdicción hay pacientes con fiebre e ictericia; también le dicen que hay muchos poblados que están muy alejados y que no les gusta ir al centro de salud. ¿Qué acciones inicialmente debe tomar cuando llegue al EESS?,Identificar las causas de morbimortalidad de la población atendida y diagnosticar la situación de salud de la comunidad,La información obtenida de la comunidad debe estar orientada a apoyar el proceso de toma de decisiones,El serumista y su equipo deben participar en las etapas de los procesos de planeación y programación,Desarrollar diferentes actividades que se llevan a cabo en el centro de salud,A,Identificar las causas de morbimortalidad de la población atendida y diagnosticar la situación de salud de la comunidad
2025-II,Medicina I,39,"Como médico serumista, jefe de establecimiento de salud, debe participar en el fortalecimiento de la dimensión de prestación del modelo de redes integradas de salud. ¿Qué atributo debe fortalecer en esta dimensión?",Participación ciudadana,Primer nivel como puerta de entrada,Financiamiento alineado a objetivos,Gestión de recursos humanos,B,Primer nivel como puerta de entrada
2025-II,Medicina I,40,"En la atención de un paciente de 80 años con cáncer de próstata confirmado, luego de informarle claramente los beneficios y riesgos del tratamiento quirúrgico y quimioterapia propuestos en junta médica el paciente en pleno uso de su capacidad de toma de decisiones, decide no aceptar dichos tratamientos. En este caso usted respeta y acepta la decisión informada del paciente. ¿Qué principio ético está cumpliendo en este acto médico?",Autonomía,No maleficiencia,Beneficiencia,Justicia,A,Autonomía
2025-II,Medicina I,41,"Usted es médico serumista encargado del sistema de vigilancia epidemiológica de su establecimiento de salud. De acuerdo a la directiva sanitaria para la vigilancia epidemiológica de enfermedades zoonóticas, accidentes por animales ponzoñosos y epizootias ¿Cuál es la periodicidad de notificación que debe cumplir para un caso de loxoscelismo probable?",7 días,De inmediato,5 días,10 días,A,7 días
2025-II,Medicina I,42,Al llegar al establecimiento de salud asignado como médico serumista encuentra que se brinda servicios solamente en la UPSS (Unidad Productora de Servicios de Salud) consulta externa por profesional médico y la UPSS patología clínica. ¿Cuál es la categoría de este establecimiento?,II-2,I-3,II-1,I-2,B,I-3
2025-II,Medicina I,43,En su establecimiento de salud usted como médico serumista atiende a un recién nacido de 5 días y le indica la prueba de fenilcetonuria para diagnosticar enfermedades congénitas dentro del MCI. ¿Qué principio básico se esta realizando en esta atención?,Promoción,Prevención,Eficiencia,Equidad,B,Prevención
2025-II,Medicina I,44,"Gestante andina de 38.5 semanas que se encuentra en trabajo de parto, indicando que necesita música durante su parto. ¿Usted como médico qué haría?",No estar de acuerdo,Respetar su decisión,Ignorar su petición,Tratar de convencerla para no cumplir petición,B,Respetar su decisión
2025-II,Medicina I,45,"Paciente que fue evaluado por su médico tratante, quien le realiza una buena evaluación clínica y conoce sus diagnósticos y se los explica al paciente y a sus familiares dentro de parámetros de disposición de servicio y de buena voluntad. Ésto se llama:",Ética médica,Moral,Empatía,Deontología,A,Ética médica
2025-II,Medicina I,46,¿Qué acción es una prioridad de la intervención inicial durante la ocurrencia de un desastre?,Rescate de heridos,Atención médica a los afectados,Suministro de agua,Suministro de alimentos,A,Rescate de heridos
2025-II,Medicina I,47,En el marco de la interculturalidad de salud en una comunidad Aymara un ejemplo de atención con pertinencia cultural sería:,Entrega de material escrito en español,Atención del parto vertical,Atender al paciente sin traductor,Difusión de material audiovisual nacional,B,Atención del parto vertical
2025-II,Medicina I,48,"A su establecimiento de salud en Loreto llega mujer de 45 años con fiebre de 39 ºC, escalofríos, ictericia, orina de color rojizo, se realiza gota gruesa siendo positiva a Plasmodium. ¿Cuál es el tipo con mayor frecuencia en la zona?",P. ovale,P. malariae,P. vívax,P. falciparum,D,P. falciparum
2025-II,Medicina I,49,Una de las etapas que se identifican en la auditoría de la calidad define los objetivos y la auditoría. ¿Qué etapa es?,Implementación de las recomendaciones final,Ejecución,Elaboración de informe,Planeamiento,D,Planeamiento
2025-II,Medicina I,50,"La episiotomía es un procedimiento a realizar en algunos partos fisiológico. Según la indicación, la más utilizada es medio es la medio–lateral, siendo una característica:",Aumentan los niveles de desgarros,Reduce el nivel de dolor posparto,Reduce el sangrado y complicaciones,Incisión de menos de 45 grados desde la línea media,D,Incisión de menos de 45 grados desde la línea media
2025-II,Medicina I,51,"Gestante 26 semanas G2P1001, que acude a su establecimiento de salud por presentar sangrado vaginal, indoloro, rojo rutilante; niega contracciones uterinas. ¿Cuál es el diagnóstico?",Rotura de seno marginal,Desprendimiento prematuro de placenta,Placenta previa,Rotura uterina,C,Placenta previa
2025-II,Medicina I,52,"Es un documento de gestión institucional, donde se establece la declaración de la política institucional, la misión los objetivos y las acciones estratégicas institucionales, los indicadores, metas y rutas estratégicas y responsable para el plazo de tres años concordando con las estratégicas establecidas por la alta dirección, plan estratégico multisectorial y política general de gobierno:",Plan operativo institucional,Plan estratégico institucional,Plan de desarrollo regional,Plan de salud local,B,Plan estratégico institucional
2025-II,Medicina I,53,"Como medico serumista usted ha sido designado como jefe del establecimiento, usted considera necesario el contrato CAS de una enfermera para fortalecer las estrategias de vacunación, por lo cual hace el requerimiento correspondiente. ¿Qué debe tenerse en cuenta para proseguir este proceso?",Plan Operativo Institucional (POI) aprobado,Plaza incluida en el Manual de Organización de Funciones (MOF),Necesidad de servicio demostrada,Plaza dentro del Cuadro de Asignación de Personal (CAP),D,Plaza dentro del Cuadro de Asignación de Personal (CAP)
2025-II,Medicina I,54,"El programa de mejora continua es un proceso ...... y sistemático dirigido a obtener un rendimiento mayor de un proceso, aumentar la ...… de un servicio o disminuir el costo de obtención de actividades que ya se desarrollan de forma habitual.",proyectado / demanda,continuo / producción,planificado / oferta,estructurado / calidad,D,estructurado / calidad
2025-II,Medicina I,55,"Gestante de 27 semanas, G3P2002, acude al establecimiento de salud refiriendo pérdida de líquido hace 12 horas acompañado de dolor tipo contracciones. Examen: FC: 112 X', FR: 24 X', T°: 38.6 ºC, PA: 100/60 mmHg; útero doloroso a la palpación, AU: 24 cm. FCF: 180 X', DU: 2/10/++/15""; TV: D: cuello dehiscente 2 cm largo posterior, I: 50%, AP-3M; LA purulento con mal olor. ¿Cuál es el diagnóstico más probable?",Endometritis,Infección vaginal,Pielonefritis,Corioamnionitis,D,Corioamnionitis
2025-II,Medicina I,56,"Usted está encargado del centro de salud nivel I y tiene que revisar documentos técnicos y de gestión del MINSA y encuentra que el Ministerio de Salud dentro del ROF, tiene las siguientes funciones rectoras:",Fortalecer las capacidades y competencias de los recursos humanos en salud,Dictar normas y lineamientos técnicos para la adecuada ejecución y supervisión de las políticas nacionales,Coordinar con organismos multilaterales y bilaterales de la cooperación internacional,Regular la organización y prestación de servicios de salud,B,Dictar normas y lineamientos técnicos para la adecuada ejecución y supervisión de las políticas nacionales
2025-II,Medicina I,57,"Adolescente de 16 años, pálida, usa anteojos por miopía, acude al colegio y se interrelaciona con sus compañeros de estudio. No sabe nada sobre sus vacunaciones. ¿Cuáles son las intervenciones y cuidados del adolescente que se debe realizar al inicio?","Evaluación del desarrollo sexual, salud bucal y consejería salud sexual","Tamizaje de anemia, parásitos y enfermedades transmisibles y suplemento de hierro y ácido fólico","Evaluación antropométrica, de agudeza visual e inmunizaciones y tamizaje de anemia, parásitos y enfermedades transmisibles",Solo evaluación de la agudeza visual,C,"Evaluación antropométrica, de agudeza visual e inmunizaciones y tamizaje de anemia, parásitos y enfermedades transmisibles"
2025-II,Medicina I,58,En su establecimiento de salud. ¿Cuál es el criterio más importante para diferenciar la cultura organizacional del clima organizacional?,Conflicto y cooperación,Comunicación organizacional,Tiene carácter duradero,Las normas y los patrones de comportamiento,C,Tiene carácter duradero
2025-II,Medicina I,59,"Con motivo de desarrollar una investigación sobre conocimientos de alimentación saludable en madres de la comunidad usted elabora un cuestionario para tal fin, el cual recibe la opinión favorable de expertos en nutrición y metodólogos en investigación. En este caso el instrumento es más probable que tenga...",predictibilidad.,precisión.,confiabilidad.,validez.,D,validez.
2025-II,Medicina I,60,"Paciente mujer de 80 años fue hospitalizada por neumonía, al momento del alta, debido a su condición de fragilidad, se decide programarle seguimiento telefónico a cargo de su médico tratante dentro de su turno de telemedicina. ¿Cómo se denomina esta prestación?",Telecapacitación,Telemonitoreo,Teleorientación,Telegestión,B,Telemonitoreo
2025-II,Medicina I,61,"Paciente de 30 años señala presentar fiebre, escalofríos, secreción nasal abundante y tos hace 4 días y se ha empeorado y señala que en su pueblo que está a 4 horas, hay varias personas afectadas y otras con sospecha de neumonía. ¿Qué medidas de protección se debe implementar para los trabajadores del establecimiento?",Llamar a la DIRIS,Aislamiento de cohorte de personas de la comunidad y llamar a DIRIS,Evitar exposición de personas susceptibles y usas batas de protección,Uso de EPP,D,Uso de EPP
2025-II,Medicina I,62,"Usted es médico serumista y ha sucedido un terremoto en su jurisdicción, por ello se requiere entre otras medidas urgentes establecer una sala de situación en desastres a la cual usted ha sido convocado. ¿Cuál es la finalidad más importante que tiene esta sala de situación?",Conformar equipos técnicos en desastres,Informar sobre la nueva situación de salud,Permitir la toma de decisiones en desastres,Actualizar la información oficial sobre los daños,C,Permitir la toma de decisiones en desastres
2025-II,Medicina I,63,"En su centro de salud usted se encuentra realizando un procedimiento a paciente con VIH donde su objetivo es: evitar riesgo de accidentes, protección y seguridad al personal y al paciente. ¿A qué definición corresponde?",Desinfección,Bioseguridad,Contaminación,Medidas de bioseguridad,B,Bioseguridad
2025-II,Medicina I,64,"“El paciente es algo más que órganos y tejidos, es un ser humano, con ilusiones, aspiraciones, metas, obligaciones propias, familiares, laborales y sociales, que en ese momento se ven frustradas por la enfermedad”. El trato en este paciente debe ser con:",Ética médica,Integridad,Humanitarismo,Respeto,C,Humanitarismo
2025-II,Medicina I,65,Como médico serumista ha realizado en un paciente adulto el diagnóstico de una enfermedad incluida en el listado de Enfermedades Raras o Huérfanas (ERH). ¿En qué caso se requiere que la IPRESS solicite opinión de la Comisión Consultiva Institucional (CCI)?,El paciente presenta criterios dudosos de ERH,La ERH acaba de ser diagnosticada,La ERH requiere un producto farmacéutico por más de un año,El costo anual de tratamiento de la ERH no tiene umbral MAC calculado,C,La ERH requiere un producto farmacéutico por más de un año
2025-II,Medicina I,66,Nos reportan un primer caso de leishmaniasis en una zona determinada de la sierra; sin reporte de presencia de Lutzomya. ¿Qué recomienda para control vectorial?,"Si la investigación de foco es negativa, control en un mes",Orientar acciones de control vectorial,Identificar la presencia de vectores de leishmaniasis en los sitios probables de infección,Uso de control químico,C,Identificar la presencia de vectores de leishmaniasis en los sitios probables de infección
2025-II,Medicina I,67,Uno de los principios del equipo de auditores que se rigen para ejercer sus responsabilidades es:,Confidalidad,Objetividad,Veracidad,Conducta ética,D,Conducta ética
2025-II,Medicina I,68,"En una campaña de salud comunitaria se detectó un joven de 17 años con sospecha de consumo de alcohol, por lo que se le aplicó el test AUDIT (Alcohol Use Disorders Identification Test) con un puntaje de 30 puntos. ¿Cuál es la interpretación de este resultado obtenido?",No problemas de consumo,Bebedor de riesgo,Probable dependencia alcohólica,Bebedor social,C,Probable dependencia alcohólica
2025-II,Medicina I,69,En su establecimiento de salud ubicado en una comunidad alto andina se realiza una charla educativa en quechua sobre la diversidad étnica. Esta actividad se enmarca en …,principio de justicia.,prevención del estigma social.,promoción de la equidad de género.,prevención de la discriminación.,D,prevención de la discriminación.
2025-II,Medicina I,70,"Guardar ......, inspira mayor confianza del paciente hacia el médico, generalmente protege los intereses del enfermo y beneficia el prestigio del médico.",el secreto profesional,deberes y derechos,consentimiento informado,la ética médica,A,el secreto profesional
2025-II,Medicina I,71,"Paciente de 30 años que viene de SJL y tiene varias parejas sexuales, con antecedente de familiar con TBDR. Luce en buena condición clínica. No se ha hecho baciloscopias y Rx de tórax ni Elisa VIH. ¿Puede iniciarle terapia preventiva contra la tuberculosis a este paciente, fundamente?","Si, personas con diagnóstico de infección por VIH independiente del resultado del PPD o IGRA","Si, pero habría que hacerle en ese momento una prueba sensibilidad rápida","No, porque no se ha descartado enfermedad tuberculosa activa ni inmunosupresión","Si, en adultos y adultos mayores que son contactos de caso índice de TB pulmonar",C,"No, porque no se ha descartado enfermedad tuberculosa activa ni inmunosupresión"
2025-II,Medicina I,72,"Los residuos comunes tipo madera, placas radiológicas, frascos de sueros sin equipo de venoclisis y los que no tengan contacto directo con pacientes y que no se encuentren contaminados se clasifican en:",Tipo C1,Tipo C2,Tipo C3,Tipo C4,B,Tipo C2
2025-II,Medicina I,73,"En un establecimiento de salud de Surco, el director realiza desplazamiento del personal a otro centro, sustentando la disminución de atenciones de parto, la obstetra que labora más de 10 años, manifiesta su descontento presentando una queja a recursos humanos. ¿Qué aspecto de la gestión de recursos humanos se ve afectado?",Salud mental,Ley del CAS,Clima organizacional,Trabajo social,C,Clima organizacional
2025-II,Medicina I,74,"En el 2005 se creó el programa JUNTOS cuya cobertura fue ampliada con el decreto supremo DS N° 009-2012- MIDIS, con el apoyo del gobierno local a través del Ministerio de Desarrollo e Inclusión Social, con el objeto de romper el círculo vicioso de la pobreza y restituir los derechos básicos de los hogares (acceso a servicios básicos en salud, nutrición y educación). Con respecto al abordaje de determinantes sociales. ¿Qué tipo de determinantes son?",Intermedios (factores conductuales),Estructurales (según clase social),Circunstancias materiales,Estructurales (factores psicosociales),B,Estructurales (según clase social)
2025-II,Medicina I,75,¿Por qué se caracteriza el modelo de salud mental comunitario?,Garantiza la inclusión social de las personas con problemas de salud mental,Promueve la participación de la comunidad,"Se implementa continuamente, según las necesidades de una población determinada, organizada y promueve la recuperación total",Satisface las necesidades de una población determinada en varias redes de servicios de salud,C,"Se implementa continuamente, según las necesidades de una población determinada, organizada y promueve la recuperación total"
2025-II,Medicina I,76,"Acude mujer de 25 años, refiriendo estar gestando con 10 semanas y haber presentado sangrado vaginal y dolor leve en bajo vientre hace 2 días. Examen: FC: 89 X', FR: 20 X', Tº: 36.8 ºC, PA:100/70mmHg. Ecografía: útero y anexos normales. ¿Cuál es el diagnóstico?",Aborto completo,Aborto subclínico,Embarazo ectópico,Enfermedad trofoblástica gestacional,A,Aborto completo
2025-II,Medicina I,77,El …... de los equipos es uno de los factores que influyen decisivamente en la mejora de la calidad asistencial y en los resultados sobre la salud de la población.,liderazgo,jefe,coordinador,responsable,A,liderazgo
2025-II,Medicina I,78,"Varón acude al establecimiento I–2 y solicita al jefe del PS información acerca del tratamiento que su señora esposa se realiza en Planificación Familiar todos los meses, está muy alterado. El jefe del establecimiento informa que debe guardar reserva respecto a la información referente a su esposa. ¿Qué deber del servidor público se está aplicando en este caso?",Discreción,Neutralidad,Responsabilidad,Transparencia,A,Discreción
2025-II,Medicina I,79,"Gestante de 32 semanas, acude a su establecimiento de salud con cefalea frontal, epigastralgia, visión borrosa, fotofobia y alteración del estado de conciencia. Examen: FC: 108 X', FR: 20 X', Tº: 36 ºC, PA: 170/110 mmHg. ¿Cuál es el diagnóstico?",Emergencia hipertensiva,Eclampsia,Preeclampsia,Hipertensión crónica,B,Eclampsia
2025-II,Medicina I,80,"Como médico serumista de un EESS del primer nivel, recibe a una paciente mujer de 70 años quien acude por primera vez refiriendo que desde hace un mes nota una disminución de su fortaleza y velocidad para realizar actividades agrícolas habituales. ¿Cuál formato de evaluación inicial debe aplicar en este caso?",VACAM corta,VACAM breve,VACAM completa,VGI breve,A,VACAM corta
2025-II,Medicina I,81,Mujer de 45 años acude al EE.SS. muy preocupada pidiendo una orden de mamografía pues en tiktok dicen que todas las mujeres deben realizársela para detectar el cáncer de mama y nunca se la ha realizado. Usted la evalúa encontrándola asintomática y con bajo riesgo de cáncer de mama. De acuerdo a la evidencia actual ¿Cuál es la mejor recomendación para ella respecto a su deseo de realizarse la mamografía?,Debe esperar 2 años para realizarla,No hacerla por riesgo de radiación,Sí desea puede hacerla,No debe hacerla,C,Sí desea puede hacerla
2025-II,Medicina I,82,"Como médico serumista usted ha sido asignado a un establecimiento de salud que cuenta únicamente con la UPSS (Unidad Prestadora de Servicios de Salud) consulta externa por profesional médico, pudiendo brindar atención tanto en modalidad intramural como extramural. ¿Cuál es la categoría de este establecimiento?",I-1,I-2,II-2,II-1,B,I-2
2025-II,Medicina I,83,"Usted se encuentra en los barracones del Callao como serumista, donde realiza sutura a paciente con herida en antebrazo. Al descartar los cortopunzantes, sufre accidente con material quirúrgico contaminado. ¿Qué acción inmediata debes realizar ante esta situación?",No desechar el cortopunzante,No lavar con jabón antiséptico,Notificar el caso,Administrarse vacuna toxoide tetánico,C,Notificar el caso
2025-II,Medicina I,84,"Hoy se celebra el día mundial de lucha contra el SIDA, entonces el equipo del centro de salud nivel I coordina con la municipalidad, para colocar carpas; colocando carpas en el parque ofreciendo y realizando actividades de prevención sobre ITS y VIH al vecindario. Esto facilita la escucha activa por el vecindario y el establecimiento de salud, generando vínculos con el equipo de salud. ¿A qué corresponde esta acción?",Participación como movilización,Participación vecinal,Participación política,Participación por delegación,A,Participación como movilización
2025-II,Medicina I,85,"La Obstetra del establecimiento de salud de Cutervo, recibe a una mujer de 28 años quechua hablante en trabajo de parto; se presenta, la saluda y le brinda atención del parto con adecuación intercultural. ¿A qué principio ético como servidor público alude su actuar?",Responsabilidad,Eficiencia,Justicia y equidad,Lealtad y obediencia,C,Justicia y equidad
2025-II,Medicina I,86,En un establecimiento de salud de primer nivel recibes un escolar de 4 años en consulta. ¿Cuáles son las vacunas que previenen la tos ferina en este escolar?,"DPT 3 dosis, pentavalente 2 dosis","DPT 2 dosis, SPR 1 dosis","DPT 2 dosis, pentavalente 3 dosis","DPT 1 dosis, SPR 2 dosis",C,"DPT 2 dosis, pentavalente 3 dosis"
2025-II,Medicina I,87,"Al fortalecer el trabajo de los promotores de salud/agentes comunitarios de salud, generando mecanismos de participación activa en las estrategias de salud locales; se debe realizar:",Reorientar los servicios de salud con enfoque de promoción de la salud,Reorientación de la inversión hacia la promoción de la salud y el desarrollo local,Mejorar las condiciones del medio ambiente,Promover la participación comunitaria conducente al ejercicio de la ciudadanía,A,Reorientar los servicios de salud con enfoque de promoción de la salud
2025-II,Medicina I,88,"Los cuidados vinculados a la promoción, prevención, recuperación y rehabilitación es un principio básico de la Atención Primaria de Salud. ¿A qué principio se refiere?",Universalidad,Equidad en salud,Calidad,Integralidad,D,Integralidad
2025-II,Medicina I,89,"Varón de 50 años obeso acude refiriendo decaimiento general y mayor somnolencia por lo que no puede desempeñarse bien en el trabajo. Examen: PA: 130/70 mmHg, FC: 72 X'; IMC: 32. Glicemia plasmática en ayunas: 120 mg/dL. ¿Cuál es el siguiente paso más adecuado para el diagnóstico en este caso?",Realizar un dosaje de hemoglogina glicosialda,Realizar un test de tolerancia a la glucosa,Repetir el examen de glicemia plasmática,Realizar un dosaje de insulina plasmática,B,Realizar un test de tolerancia a la glucosa
2025-II,Medicina I,90,"Paciente de 68 años hipertenso mal controlado, presenta cefalea progresiva, es llevado al centro de salud por deterioro del estado de conciencia progresivo. Tiene antecedentes de cefaleas vasculares hace 2 semanas. Examen: PA: 180/95 mmHg, FC: 90 X', FR: 22 X', T°: 37 °C; sonmoliento con hemiparesia en hemicuerpo derecho, Glasgow: 9. ¿Cuál es la conducta a seguir?",Realizar pruebas de laboratorio,Observación y monitoreo,Referir a centro hospitalario,Control gasométrico,C,Referir a centro hospitalario
2025-II,Medicina I,91,"Luego de evaluar la situación de salud en la comunidad adscrita a su establecimiento de salud, encuentra que hay enfermedades de alta prevalencia y otras de alta incidencia. ¿Qué enfermedad cumple la condición de alta incidencia y baja prevalencia a la vez?",Crisis de ansiedad,Resfriado común,Diabetes mellitus,Hipertensión arterial,B,Resfriado común
2025-II,Medicina I,92,"Como médico usted atiende a un paciente de 20 años con diagnóstico de VIH hace 07 días, asintomático. Tiene 2 Gene X expert en esputo negativos y Rx de tórax: normal, CD4 sérico: 450 cel/ml. Serología: HBsAg negativo VDRL negativo. Ha pasado evaluación por la psicóloga. ¿Cuál es la conducta terapéutica a seguir?",Evaluación por oftalmología,Iniciar terapia antirretroviral+ iniciar terapia de prevención de TB,Consejería de soporte sobre el VIH,Iniciar profilaxis con cotrimoxazol,B,Iniciar terapia antirretroviral+ iniciar terapia de prevención de TB
2025-II,Medicina I,93,"Para abordar la alta prevalencia de violencia física familiar en su comunidad usted realiza reuniones con el director del colegio, el teniente alcalde, el comisario y el párroco para acordar acciones para mitigar este problema. ¿Qué estrategia de promoción de la salud se está cumpliendo?",Comunicación social,Participación ciudadana,Intersectorialidad,Empoderamiento social,C,Intersectorialidad
2025-II,Medicina I,94,Los usuarios de una comunidad quieren mejoras para su centro de salud nivel I en Pichanaqui y quieren involucrarse en los espacios de control social en salud. ¿Cómo mejorar el involucramiento de la participación de la comunidad?,Mejorando los instrumentos jurídicos,Dar opinión sobre el trabajo de los serumistas del centro de salud,Procesos de capacitación para personas que pertenecen a la comunidad,Participación de la comunidad para ejercer vigilancia sobre la gestión,D,Participación de la comunidad para ejercer vigilancia sobre la gestión
2025-II,Medicina I,95,"“Es un proceso sistemático, cíclico y continuo, de naturaleza política, técnica y participativa; por lo que, involucra múltiples actores de un sector o de diversos sectores e instancias gubernamentales. Se basa en un análisis riguroso, basado en evidencias de la situación actual y futura, a través del cual se implementan los objetivos del Plan Estratégico de Desarrollo Nacional”. Estamos hablando de:",Planeamiento estratégico,Identificación de indicadores,Plan de salud,Análisis de la situación actual,A,Planeamiento estratégico
2025-II,Medicina I,96,"Es el documento de gestión participativa y concertada de vigencia anual, su proceso de elaboración es conducido por la CLAS y los jefes de sus establecimientos de salud, de conformidad con las normas técnicas del MINSA; orienta las intervenciones sanitarias hacia la solución de las necesidades de salud locales priorizadas. Nos estamos refiriendo a:",Análisis situacional en salud,Plan de salud local,Promoción de la salud,Sistema de vigilancia,B,Plan de salud local
2025-II,Medicina I,97,"Lactante masculino de 6 meses de edad, eutrófico, con esquema de vacunación actualizado que se le orienta a su mamá, acude a vacunatorio para recibir su próxima inmunización, correspondiéndole…",2da dosis de influenza.,1ra dosis de influenza.,"1ra dosis de vacuna sarampión, paperas, rubéola (SPR).",dosis única vacuna antiamarílica (AMA).,A,2da dosis de influenza.
2025-II,Medicina I,98,"Un serumista muestra en una reunión técnica con la municipalidad, comunidad y DIRIS, los datos de los casos de jóvenes recién diagnosticados de VIH que han aumentado en la comunidad, que acuden a su centro de salud en un pueblo en la Selva de Amazonas y señala que se necesita apoyo para construir una área de atención médica en el centro para dichos pacientes. ¿Para qué me sirve la información epidemiológica recogida?",Consolidar el compromiso de la lucha contra el VIH,Movilizar a la comunidad y pedir recursos,Identificar los factores causales,Saber la magnitud de la epidemia del VIH,B,Movilizar a la comunidad y pedir recursos
2025-II,Medicina I,99,"Niño de 10 años, llevado al centro de salud de La Victoria por presentar astenia. Examen: FR: 18 X', FC: 89 X', Tº: 36.5 Cº; piel, escleras y mucosas con tinte ictérico y acolia. ¿Cuál es su diagnóstico?",Paludismo,Dengue con signos de alarma,Hepatitis A,Hepatitis B,C,Hepatitis A
2025-II,Medicina I,100,En su establecimiento de salud acude mujer andina quechua hablante de 39.4 semanas para realizar su parto con todos sus controles prenatales sin alteración. ¿Qué parto usted promueve para realizar interculturalidad?,Cesárea,Parto domiciliario,Parto horizontal,Parto vertical,D,Parto vertical
2026-I,Medicina,1,"Gestante multípara a término, que acude a puesto de salud con contracciones uterinas cada 30 minutos. Al tacto vaginal se identifica dilatación de cuello uterino de 3 cm, sin signos de alarma. Ud. procede referir a:",Centro de salud I-3,Hospital III,Centro de salud I-4,Hospital II,C,Centro de salud I-4
2026-I,Medicina,2,"Al consultorio de medicina acude María de 55 años, con 10 años de diabetes, actualmente controlada, en tratamiento con Metformina, con estilos de vida saludables, se realiza el seguimiento periódico ¿Cuál de los siguientes se considera como meta en el manejo integral del paciente con diabetes?",Glicemia en ayunas de 80 a 126 mg/dl,Hemoglobina glucosilada < 7.5%,Glicemia postprandial de 2 h <140 mg/dl,Perímetro de cintura < 94 cm,C,Glicemia postprandial de 2 h <140 mg/dl
2026-I,Medicina,3,"En un establecimiento de salud I-4 el personal de salud recoge los datos en el escenario donde se presentó la enfermedad para su control, incluyendo a las personas que no acudieron al servicio de salud. ¿A qué tipo de vigilancia corresponde?",Centinela,Especializada,Pasiva,Activa,D,Activa
2026-I,Medicina,4,"Mujer de 52 años, natural de región selva, trabaja en prostitución, refiere a profesional de salud que el día anterior fue dopada y sufrió agresión sexual, tiene dolor pélvico y moretones en el cuerpo. ¿Qué debe hacer el profesional de salud?","Aplicar kit completo de emergencia, previo consentimiento",Derivar a paciente para que se le brinde atención en salud mental,Aplicar kit de descarte sin consentimiento para que no se asuste,Hacer denuncia a las autoridades sin autorización de paciente,A,"Aplicar kit completo de emergencia, previo consentimiento"
2026-I,Medicina,5,"Ud. como médico acude a una visita domiciliaria en el sector sanitario asignado, identificando a una pareja con unión de 4 meses y cursando el primer embarazo. ¿Cómo la clasificaría según su ciclo vital familiar?",Expansión,Dispersión,Contracción,Formación,A,Expansión
2026-I,Medicina,6,"Gestante de 23 años, migrante, con primaria incompleta, control prenatal esporádico de su tercer embarazo, manifiesta a un profesional que le quiere regalar a su hijo porque tiene problemas económicos, y su pareja la ha abandonado. Esta persona se encuentra sola y no tiene testigos. ¿Cuál es la conducta a seguir?","Comunicar a la policía, la intención de la gestante",Aceptar por el bienestar y bien superior del recién nacido,Referir a paciente a salud mental o servicio social,Rechazar porque es un acto en contra de la ética profesional,D,Rechazar porque es un acto en contra de la ética profesional
2026-I,Medicina,7,"¿Cuál es el rango de T° en °C, necesario para la conservación de las vacunas?",1 a 8,4 a 10,2 a 8,-1 a -8,C,2 a 8
2026-I,Medicina,8,"En un pueblo amazónico se está implementando una RIS de manera ordenada, siguiendo la normativa del MINSA, considerando su realidad local. ¿Qué característica del proceso se está cumpliendo?",Sistemático,Sostenible,Progresivo,Planificado,A,Sistemático
2026-I,Medicina,9,"La evaluación continua del recién nacido hospitalizado cuya madre tuvo ITU o ITS antes del parto, corresponde a una vigilancia epidemiológica de las IAAS de tipo ...",pasiva.,focalizada.,activa.,selectiva.,D,selectiva.
2026-I,Medicina,10,"En un establecimiento de salud I-4, mujer de 25 años, recibió esquema de tratamiento para TB, pero indica que los síntomas continúan, y que su hija menor de 5 años, también fue diagnosticada de lo mismo. ¿Qué principio del uso de medicamentos antimicrobianos NO se aplicó?",Calidad,Concentración,Resistencia,Biodisponibilidad,C,Resistencia
2026-I,Medicina,11,"El fortalecimiento de capacidades del personal de salud para mejorar la calidad en un servicio específico de atención primaria de salud, es una actividad acorde al objetivo de planeamiento estratégico relacionado a …",fortalecer el ejercicio de la rectoría de la autoridad nacional de salud.,incrementar el acceso a atención integral de salud.,mejorar asignación de presupuesto para atención integral.,difundir la importancia de la salud como derecho.,B,incrementar el acceso a atención integral de salud.
2026-I,Medicina,12,"En un establecimiento de salud I-4, ingresa paciente con parto inminente, no controlada. ¿ Cuál de las siguientes pruebas de tamizaje rápido se utiliza para detectar anticuerpos contra VIH y treponema pallidum o anticuerpos treponémicos totales?",FTA-Abs,PM (pruebas moleculares),PRT (pruebas rápidas triples),PRD (pruebas rápidas duales),D,PRD (pruebas rápidas duales)
2026-I,Medicina,13,"Durante la visita a un niño con anemia, se le orienta a la madre darle alimentos ricos en hierro como la sangrecita, sin embargo, la madre señal que su religión no se lo permite. ¿Cuál es la conducta más adecuada para mejorar el estado de salud del menor?",Llamarle la atención por negligencia y desidia,Obligar a que la madre lo alimente con la sangrecita,Respetar la decisión y creencia de la familia,Fortalecer el consumo de hierro intradomiciliario,D,Fortalecer el consumo de hierro intradomiciliario
2026-I,Medicina,14,"El tabaco es un factor de riesgo para cáncer pulmonar y EPOC, una intervención efectiva para disminuir la exposición es la implementación de medidas correctivas que favorezcan espacios libres de humo, siendo una función de salud...",individual.,pública.,familiar.,participativa.,B,pública.
2026-I,Medicina,15,"Durante la consulta de curso de vida de un adulto mayor, identifica que hace varios años no se ha aplicado vacunas, por lo que lo sensibiliza informándole sobre los beneficios. De acuerdo al curso de vida, le corresponde:",Hepatitis B y antiamarílica,Antiamarílica e influenza adulto,Influenza adulto y neumococo,"VPH, SPR y neumococo",C,Influenza adulto y neumococo
2026-I,Medicina,16,"Frente a un paciente con sospecha de neumotórax y/o atrapamiento aéreo; para un adecuado diagnóstico, se debe tomar una radiografía en:",Decúbito supino,Inspiración,Decúbito prono,Espiración,D,Espiración
2026-I,Medicina,17,"Un médico serumista se encuentra trabajando en un centro de salud de 12 horas, al cual acude una gestante de bajo riesgo obstétrico con contracciones. ¿A qué establecimiento de salud le corresponde referir?",I - 3,I - 4,II - 1,III - 1,B,I - 4
2026-I,Medicina,18,"En el proceso de atención de Juan en consulta externa, el médico asume un rol ""Consejero - consultor"", buscando la autocomprensión de sus valores en salud del paciente. ¿Cómo se denomina a esta modelo de relación profesional de salud - paciente?",Deliberativo,Informativo,Paternalista,Interpretativo,D,Interpretativo
2026-I,Medicina,19,"Las condiciones en que viven las personas y sus experiencias de convivencia que condicionan su salud, son determinantes de tipo:",Pobreza,Ambiental,Económico,Social,D,Social
2026-I,Medicina,20,"¿Cuál es una vacuna multidosis, indicada a partir de los 15 meses hasta los 59 años?",Tétano y Difteria (DT),Antiamarílica (AMA),BCG,"Sarampión, Papera y Rubeola (SPR)",B,Antiamarílica (AMA)
2026-I,Medicina,21,Para garantizar el adecuado desempeño de los recursos humanos de su establecimiento de salud. ¿Qué se debe considerar?,Virtudes,Competencias,Valores,Caracteres,B,Competencias
2026-I,Medicina,22,Se considera posible cáncer o enfermedad muy grave a todo niño o adolescente que presente:,Ganglios mayores de 5 cm de cualquier localización,"Inicio progresivo de visión borrosa, doble o ceguera","Cefalea con pred, diurno, persistente y progresivo",Fiebre de duración mayor a 7 días sin causa conocida,D,Fiebre de duración mayor a 7 días sin causa conocida
2026-I,Medicina,23,"Se identifica un caso índice de tuberculosis en su comunidad, en población semicerrada, por lo que, de acuerdo con la normativa, inicia estudio de contactos. ¿Cuál es el plazo límite para el estudio de contactos?",≤7 días calendario,>7 días calendario,<48 horas,≥48 horas,A,≤7 días calendario
2026-I,Medicina,24,Se desea ordenar el servicio de Admisión en un establecimiento de salud. ¿Hasta cuántos años de la última consulta se pueden tener las historias clínicas en el archivo activo?,2,3,5,10,C,5
2026-I,Medicina,25,Durante las campañas de vacunación se intervienen a las instituciones educativas a fin de vacunar a los niños y niñas con la vacuna de VPH para protegerlos y prevenir el cáncer cervical. ¿Desde qué edad se puede vacunar y cuantas dosis se debe aplicar?,9 años y dosis única,11 años y dosis única,9 años y dos dosis,13 años y dosis única,A,9 años y dosis única
2026-I,Medicina,26,"Tras administrar un medicamento ""x"" a un paciente, este reporta nauseas. Esta reacción a pesar de solo ser una sospecha de haber sido generada por el medicamento ""x"", sin necesidad de confirmar la relación causal, debe reportarse en la historia clínica del paciente; porque corresponde a:",Reacción bien caracterizada,Evento centinela,ESAVI,Sospecha de reacción adversa,D,Sospecha de reacción adversa
2026-I,Medicina,27,"En una actividad de prevención de cáncer en su comunidad, Ud. acude con su equipo multidisciplinario en salud para la captación de personas en riesgo, según la normatividad vigente sobre el acceso a la cobertura oncológica ¿Cuál es la conducta a seguir?",Citología cervical a mujeres de cualquier edad,Tamizaje de piel a varones mayores de 50 años,Dosaje de PSA a partir de los 40 años,Aplicar IVAA a mujeres de 30 a 49 años,D,Aplicar IVAA a mujeres de 30 a 49 años
2026-I,Medicina,28,Varón de 18 años le comenta a usted que tuvo su primera relación sexual sin protección para lo cual pide una prueba de descarte de VIH. Al regresar a consulta para su resultado se da con la noticia que es positivo ¿Qué responsabilidades tiene usted como médico?,Movilizar redes de soporte social para el paciente,Coordinar con el servicio de inmunizaciones,Confirmar el diagnóstico,Identificar al agente de soporte,C,Confirmar el diagnóstico
2026-I,Medicina,29,La organización mundial de la salud ratifica la importancia de la actividad física y la considera como el factor que interviene en el estado de salud de las personas y la define como la principal estrategia en prevención de la ...,morbilidad.,letalidad.,mortalidad.,obesidad.,D,obesidad.
2026-I,Medicina,30,"Mariela de 25 años acude por segunda vez en un mes al servicio de medicina por problemas personales no físicos, con insomnio y preocupación. Ante esta situación el médico SERUMS aplica el Cuestionario Symptoms Report Questionnaire - SRQ; luego de responder las primeras 18 preguntas obtiene un puntaje de 09, esto significa:",Alta probabilidad de sufrir enfermedad mental,Joven con personalidad normal,Probabilidad baja de sufrir ansiedad,Alta probabilidad de sufrir adicción,A,Alta probabilidad de sufrir enfermedad mental
2026-I,Medicina,31,"En el PS I-2 de la región central se ha detectado un caso de fiebre amarilla selvática, en este caso la notificación es:",Mensual,Inmediata,Quincenal,Semanal,B,Inmediata
2026-I,Medicina,32,Mujer de 30 años con 9 meses de gestación refiere que empezó a tener contracciones hace más de dos horas y se encuentra pronta a dar a luz. ¿Qué criterios debe cumplir para parto vertical?,Presentación cefálica del feto,Incompatibilidad feto pélvica,Embarazo gemelar,Cirugía uterina previa,A,Presentación cefálica del feto
2026-I,Medicina,33,"Alfonso de 62 años, agricultor, acude a su control anual por medicina en la posta de San Marcos. A la evaluación integral se obtiene una PA: 142/90 mmHg, FR: 20X’, FC: 80X’ y un IMC: 31 Kg/m2, sin daño a órgano blanco. ¿Qué riesgo cardiovascular le corresponde?",Alto,Moderado,Bajo a moderado,Moderado a alto,D,Moderado a alto
2026-I,Medicina,34,Cuando el personal de salud reconoce a las enfermedades transmisibles a través de la ruta del agente infeccioso desde la fuente de infección hasta el susceptible. Está aplicando la definición de:,Epidemiología de las enfermedades,Cadena de vigilancia y recuperación,Triada epidemiológica,Cadena epidemiológica,D,Cadena epidemiológica
2026-I,Medicina,35,"Para prevenir las muertes neonatales se impulsa el parto institucional, sin embargo, la población de las zonas rurales, por costumbre y cultura, prefieren los partos domiciliarios. ¿Qué acciones se deben de tomar en cuenta para cumplir con los objetivos del sector?",Informar a las gestantes que la atención es gratuita,Prometerles la entrega de canastas de víveres,Educar e impulsar la participación comunitaria,Atender los partos intradomiciliarios,C,Educar e impulsar la participación comunitaria
2026-I,Medicina,36,"Se encuentra en un centro de salud I-4, el equipo de vigilancia está realizando la revisión de historias clínicas de las mujeres post parto eutócico, para identificar casos de endometritis puerperal. En el proceso de la vigilancia epidemiológica de las IAAS corresponde a:",Recolección de datos,Análisis e interpretación de los datos,Evaluación de la vigilancia,Plan de vigilancia epidemiológica,A,Recolección de datos
2026-I,Medicina,37,Se encuentra atendiendo el serumista profesional de salud no médico en un establecimiento de salud nivel I-1. ¿Cuál es la atención de salud de urgencia que puede realizar según su categoría y su referencia correspondiente?,Hemorragia leve,Síndrome febril,Asma no complicada,Parasitosis intestinal,B,Síndrome febril
2026-I,Medicina,38,La farmacovigilancia es una actividad de la ...... que se encarga de evaluar la efectividad del medicamento y dispone un sistema rápido de alerta a…,salud pública / vigilancia epidemiológica.,vigilancia / reacciones adversas.,epidemiología / farmacovigilancia.,salud pública / reacciones adversas.,D,salud pública / reacciones adversas.
2026-I,Medicina,39,"Como integrante de un equipo multidisciplinario del adolescente en su IPRESS, realiza el cuidado integral a María de 15 años, buscando prevenir el riesgo y conductas problemáticas, desarrollando competencias necesarias para la consecución de logros, ¿Qué enfoque está abordando Ud.?",Desarrollo positivo,Diversidad,Derechos y ciudadanía,Inclusión social,A,Desarrollo positivo
2026-I,Medicina,40,"El conjunto de procedimientos asistenciales a través del cual se asegura la continuidad de la atención de las necesidades de salud de los usuarios, transfiriéndolo del establecimiento de menor a mayor capacidad resolutiva corresponde a:",Referencia,Contrarreferencia,Atención primaria,Atención compartida,A,Referencia
2026-I,Medicina,41,En la evaluación de una gestante se evidencia úlcera indurada e indolora (chancro) localizada en mucosa genital. ¿En qué fase de la historia natural de la enfermedad se encuentra?,Clínica,Subclínica,Inducción,Resolutiva,A,Clínica
2026-I,Medicina,42,"En una comunidad con escenario de intervención III para Aedes aegypti se realizaron actividades de vigilancia mediante ovitrampas, obteniendo un índice IPO/IDH de 70. ¿Qué medidas se debe adoptar, considerando la estratificación del riesgo entomológico?",Aplicar larvicidas y adulticidas,Realizar inspecciones adicionales,Identificar criaderos para eliminar,Seguir con el monitoreo,A,Aplicar larvicidas y adulticidas
2026-I,Medicina,43,Un centro de salud I-3 que no genera más de 10 litros al día de residuos sólidos biocontaminados y cuenta con autoclave para el tratamiento. ¿Cuál es el tiempo máximo que puede almacenarlos antes de su disposición final?,Un mes,Tres días,48 horas,Siete días,D,Siete días
2026-I,Medicina,44,"En un caserío de Pasco, se presentan 5 casos de la enfermedad de pertussis durante los meses de enero y febrero. Como jefe de establecimiento, ¿Qué actividades dispone realizar?",Complementarias de vacunación,Desinfección en comunidad,Regulares de vacunación,Control de vectores,A,Complementarias de vacunación
2026-I,Medicina,45,"Un establecimiento de salud con población asignada que cuenta con médico cirujano, profesionales de enfermería y obstetricia, y personal técnico de enfermería; si recibe una gestante en periodo expulsivo. ¿Cuál es la conducta a seguir?",Referirlo a un hospital,Atender el parto,Referirlo a un EESS I-3,Referirlo a un EESS I-4,B,Atender el parto
2026-I,Medicina,46,"A una RIS se le asigna las siguientes acciones: conformar el equipo implementador del modelo de cuidado integral (MCI), su plan y fortalecimiento de capacidades a su equipo de gestión. ¿Cuál es el componente del MCI aplicado?",Provisión,Financiamiento,Gestión,Organización,D,Organización
2026-I,Medicina,47,"Recientemente usted fue asignado a un C.S. y quiere conocer cómo se transmite una enfermedad de una persona a otra o de un reservorio no humano a una población humana, además de las razones por las que los comportamientos de riesgo causan enfermedades. ¿En qué se basa para realizar este estudio?",Tanatología,Estadística,Salud pública,Epidemiología,D,Epidemiología
2026-I,Medicina,48,"Adolescente de 13 años, con 38 semanas de gestación, procedente de los andes, sin control, indica que relaciones sexuales han sido voluntarias con ex pareja de 35 años, viene acompañada por la madre al establecimiento I-3 ¿Cuál es la conducta a seguir?","Aplicar kits completos de emergencia para descarte de ITS, VIH, Hepatitis B","Comunicar a las autoridades, activar código violeta y referencia hospitalaria",Brindar actividades socio educativas a fin de que paciente identifique riesgos,Responsabilizar a sus progenitores por negligencia hacia la paciente,B,"Comunicar a las autoridades, activar código violeta y referencia hospitalaria"
2026-I,Medicina,49,"El jefe del puesto de salud acudió a la reunión convocada por el municipio para empadronamiento y evaluación sanitaria de los drogadictos que pernoctan a las afueras de la ciudad y que han ido en aumento. Este hábito negativo para la salud, está dentro del grupo de determinantes:",Biológicos,Genéticos,Ambientales,Asistenciales,C,Ambientales
2026-I,Medicina,50,"La inducción inicial, así como los cursos recibidos durante su SERUMS en el marco del ""desarrollo y capacitación de recursos humanos"" organizada por la Gerencia Regional de Salud. ¿A qué aspecto de la salud pública corresponde?",Función esencial,Desarrollo de políticas,Transición epidemiológica,Rendimiento de personal,A,Función esencial
2026-I,Medicina,51,"Conjunto de actividades periódicas y sistemáticas realizadas por el profesional de la salud de enfermería y/o médico, con el objetivo de vigilar de manera adecuada, oportuna e individual, a fin de detectar de forma precoz los riesgos, las deficiencias y discapacidades e incremento de las oportunidades y factores protectores. Es individual, integral, oportuno, periódico y secuencial. ¿Cómo se denomina a estas actividades?",Control de signos de alarma del niño y niña,Control de crecimiento y desarrollo del niño y niña,Control parcial de crecimiento del niño y niña,Evaluación global del niño y niña,B,Control de crecimiento y desarrollo del niño y niña
2026-I,Medicina,52,"Si la interacción entre un paciente y el personal sanitario tratante, se da mediante uso de las TICs, ¿Qué concepto de salud se está aplicando?",Cuidado integral,Salud intercultural,Promoviendo salud,Telesalud,D,Telesalud
2026-I,Medicina,53,"Mujer no gestante de 30 años, que se atiende en un establecimiento de salud I-2 a 3200 msnm; presenta hemoglobina de 11.9 g por hemoglobinómetro. ¿Cuál es el tipo de anemia y la conducta a seguir?",Leve e inicia tratamiento farmacológico,Moderada e inicia tratamiento farmacológico,Leve y solicita ferritina en el C.S. más cercano,Severa y refiere para manejo en siguiente nivel,B,Moderada e inicia tratamiento farmacológico
2026-I,Medicina,54,"Como parte del cuidado integral del niño de 2 años y 3 meses de edad, corresponde realizar la vigilancia del neurodesarrollo. ¿Qué test se aplica considerando la edad del paciente?",Escala de salud del paciente,Lista de verificación de síntomas pediátricos,Lista de habilidades y conductas esperadas por edad,Huanca test,D,Huanca test
2026-I,Medicina,55,"Los pobladores de una comunidad ashaninka llegan al centro de salud preocupados debido a que sus niños presentan dolor y diarrea con mucha frecuencia. Además, refieren que tomaron preparados de hierbas y posteriormente algunos fallecieron. ¿Cuál es la función de salud pública que debe fortalecer el personal de salud?",Vigilancia y valoración del estado de salud,Valoración clínica y laboratorio,Vigilancia y valoración por el laboratorio,Valoración del estado de salud,A,Vigilancia y valoración del estado de salud
2026-I,Medicina,56,"Lactante de 4 meses con SIS, procedente de otra jurisdicción, acude al establecimiento de salud para su control e inicio de tratamiento preventivo de anemia. ¿Cuál es el procedimiento que se debe realizar para respetar su derecho al acceso a la salud?",Solicitar su referencia del lugar de procedencia,Referir al hospital de mayor complejidad,Apertura de la HC y brindar la atención requerida,Enviarle al SIS central para su inscripción,C,Apertura de la HC y brindar la atención requerida
2026-I,Medicina,57,"Adela es una adulta mayor viviendo con diabetes mellitus, la cual tiene dificultad para movilizarse. Refiere que vive con su hija que trabaja todo el día y no puede acompañarla siempre al establecimiento de salud. Está estable, pero necesita su medicación de manera oportuna. ¿Qué tipo de intervención de Telesalud requiere?",Teleorientación,Telecapacitación,Telemonitoreo,Teleconsulta,C,Telemonitoreo
2026-I,Medicina,58,"El modelo actual de salud en el Perú busca mejorar su calidad, atender a toda persona bajo su contexto cultural, comunitario y familiar, brindando un amplio rango de servicios. ¿Cuál es el atributo de la APS aplicado para este fin?",Coordinación de la atención,Accesibilidad del primer contacto,Participación activa,Integralidad de los servicios,D,Integralidad de los servicios
2026-I,Medicina,59,"Varón de 36 años viviendo con VIH, percibe que el profesional médico en consulta lo atiende con una gran indiferencia y poca comunicación. Para que él usuario no se sienta afectado se debe ...",aceptar la condición del paciente.,indicar donde debe tomar asiento.,disimular el rechazo al paciente.,brindar un trato digno y humanizado.,D,brindar un trato digno y humanizado.
2026-I,Medicina,60,"Gestante migrante quechua hablante, que acude para atención a su establecimiento de salud tiene derecho a ...",servicios de salud con adecuación cultural.,presencia solo de pareja.,acompañamiento de familia.,traductor de idioma original.,A,servicios de salud con adecuación cultural.
2026-I,Medicina,61,"Durante la atención integral de la gestante, los controles prenatales buscan detectar riesgos para eliminarlos o minimizarlos. ¿Qué tipo de prevención es?",Cuaternaria,Primaria,Secundaria,Terciaria,B,Primaria
2026-I,Medicina,62,El responsable de la RIS desea saber la cantidad de atenciones realizadas por el médico serumista en consulta externa. ¿Qué indicador de gestión debe utilizar?,Rendimiento,Concentración,Productividad,Permanencia,C,Productividad
2026-I,Medicina,63,Varón de 35 años acude al establecimiento de salud para evaluación médica. Durante la consulta refiere que presenta tos y flema desde hace 15 días. Según la Norma Técnica de Salud para la prevención y control de tuberculosis. ¿Cómo se denomina a un paciente con este cuadro clínico?,Sintomático respiratorio examinado,Paciente con infección latente,Sintomático respiratorio,Paciente con tuberculosis sensible,C,Sintomático respiratorio
2026-I,Medicina,64,En un establecimiento de salud I-4 el médico jefe debe elaborar el ...... que es una herramienta de gestión que considera las actividades para la implementación del plan operativo institucional.,cuadro multianual de necesidades,plan de abastecimiento e inversiones,plan estratégico institucional,plan de salud local,D,plan de salud local
2026-I,Medicina,65,"El enfoque intercultural implica que el Estado valore e incorpore las diferentes visiones de los grupos étnicos y culturales para la generación de los servicios con pertinencia cultural, promoviendo el reconocimiento de la ciudadanía intercultural basada en el diálogo y la atención diferenciada. Este enfoque debería ser diferenciado de manera especial en la población:",Aymara e indígena,Latina y europea,En general,Indígena y afroperuana,D,Indígena y afroperuana
2026-I,Medicina,66,Una persona después de haberse vacunado contra el dengue. ¿Cuánto tiempo debe permanecer en el área de reposo?,Una hora,45 minutos,30 minutos,2 horas,C,30 minutos
2026-I,Medicina,67,"Acude a su consulta una paciente mujer de 60 años con resultado de RPR positivo 8 dils, asintomática, cuya única pareja sexual es su esposo. ¿Cuál sería el esquema a seguir?",Penicilina benzatínica 2 400 000 UI 1 ampolla IM c/semana por 3 semanas,Bencilpenicilina sódica 1 000 000 UI 4 ampollas EV c/4 horas por 2 semanas,Doxiciclina 100 mg 1 tableta VO c/12 horas por 2 semanas,Penicilina benzatínica 2 400 000 UI 1 ampolla IM dosis única,A,Penicilina benzatínica 2 400 000 UI 1 ampolla IM c/semana por 3 semanas
2026-I,Medicina,68,¿Con qué se determina el número de la historia clínica de una persona de nacionalidad peruana?,Carnet de extranjería,Documento Nacional de Identidad,Pasaporte,Según número de ingreso,B,Documento Nacional de Identidad
2026-I,Medicina,69,"El equipo multidisciplinario de salud acude a una visita domiciliaria para aplicar el test de PAIFAM. La familia refiere que Roberto, padre de familia de 48 años, está consumiendo alcohol algunos días a la semana, por no conseguir trabajo, por lo que, Ud. como médico aplica el cuestionario de:",Hamilton,Zung,AUDIT C,SRQ,C,AUDIT C
2026-I,Medicina,70,En la comunidad de un PS I-2 se identifica que existe un número elevado de adolescentes entre 13 y 15 años que se encuentran laborando pasteando ganado y pernoctando en el campo y que no han sido matriculados en la escuela. ¿A qué determinantes corresponde esta situación?,Estilo de vida,Ambientales,Intermedios,Estructurales,C,Intermedios
2026-I,Medicina,71,Para realizar un trabajo de investigación y obtener información de las exposiciones anteriores y actuales. ¿Qué tipo de recolección de debe realizar?,Observación familiar,Observación,Entrevista,Informante indirecto,C,Entrevista
2026-I,Medicina,72,"A un establecimiento de salud, llegan 25 niños beneficiarios del programa de alimentación escolar, por presentar cuadro de intoxicación alimentaria, luego del consumir el desayuno escolar. Este tipo de evento debe ser notificado y corresponde a:",Epizootia,Endemia,Brote,Pandemia,C,Brote
2026-I,Medicina,73,Mujer de 28 años con sospecha de TB es atendida en el CS y luego de concluir con la consejería es derivada al servicio de salud mental; esta indicación se tomó debido a que el tamizaje salió...,negativo.,positivo.,con riesgo bajo.,con riesgo alto.,B,positivo.
2026-I,Medicina,74,"Acude a la consulta externa, de un centro de salud I-3, una persona adulta mayor de 75 años acompañada con hija, la cual refiere que acude para iniciar chequeos por su edad, por lo que Ud. indica la siguiente valoración clínica:",Corta,Complejo,Breve,Completa,A,Corta
2026-I,Medicina,75,"En estudios clínicos y epidemiológicos, la medición de variables que incluyen la perspectiva del paciente con referencia a resultados relacionados a su calidad de vida. ¿Cuáles son los instrumentos de recolección de datos más indicados?",Registro por el paciente y familiar,Entrevistas y cuestionarios,Registros y documentos ya existentes,Observación directa e indirecta,B,Entrevistas y cuestionarios
2026-I,Medicina,76,Ud. es jefe de un establecimiento I-4 en la región norte del país y los boletines informativos de epidemiología indican un aumento de casos de melanomas por exposición a rayos UV en el último año. ¿A qué tipo de casos corresponden?,Reincidentes,Prevalentes,Probables,Incidentes,D,Incidentes
2026-I,Medicina,77,"Jorge de 38 años, acude a la IPRESS puerta de entrada de su zona sanitaria en Piura, con fiebre, cefalea, mialgias y dolor retro ocular de 2 días de evolución, sin factor de riesgo. Médico serumista lo considera como un dengue probable y lo clasifica como grupo ...… para iniciar tratamiento.",A,B2,B1,C,A,A
2026-I,Medicina,78,"Mujer parturienta de 37 años, solicito dar a luz en posición de rodillas ¿Qué ubicación toma usted para proteger el periné en todo momento y evitar desgarre?",arrodillado,Delante o detrás,sentado en un banco,costado izquierdo o derecho,B,Delante o detrás
2026-I,Medicina,79,"En una comunidad amazónica se registra un brote de malaria por Plasmodium falciparum, donde dos niños fallecieron de un total de 50 pacientes (4%) confirmados con gota gruesa y PCR. ¿Cuál es la medida epidemiológica de frecuencia referida?",Tasa de ataque,Tasa de letalidad,Tasa de mortalidad general,Incidencia acumulada,B,Tasa de letalidad
2026-I,Medicina,80,"Se observa que hay migrantes de la selva que viven en un asentamiento humano de un distrito de Lima, que son discriminados y rechazados por los pobladores del distrito donde pernoctan. ¿Qué acciones debe realizar como personal de salud?",Reforzar la interacción cultural,Normalizar el comportamiento de la comunidad,Imponer acciones socio educativas,"Cambiar hábitos, costumbres y creencias",A,Reforzar la interacción cultural
2026-I,Medicina,81,"El jefe del establecimiento de salud nivel I-2 ha identificado que existe necesidad de otro personal técnico para las visitas domiciliarias, porque no se logran las metas programadas. ¿En qué instrumento de gestión se debe programar este recurso?",Plan estratégico,Presupuesto por resultados,Plan operativo,Plan de salud local,C,Plan operativo
2026-I,Medicina,82,Ud. desea definir las líneas de mejora continua de su centro de salud para lo cual es necesario conocer sus fortalezas. ¿Qué pregunta debe realizar?,¿Qué facilidades se presentan?,¿Qué se está haciendo bien?,¿Qué nos falta para mejorar?,¿Qué riesgos externos existen?,B,¿Qué se está haciendo bien?
2026-I,Medicina,83,La búsqueda intencionada y sistemática de casos de dislipidemia y obesidad infantil en las historias clínicas y archivos estadísticos del centro de salud. ¿A qué tipo de vigilancia corresponde?,Centinela,Retrospectiva,Pasiva,Activa,C,Pasiva
2026-I,Medicina,84,"Neonato de 8 horas de parto domiciliario, en zona rural. Deben recibir BCG y HvB. ¿Cuál es el tiempo ideal para recibirlas?",Hasta un año,Dentro de las 24 horas,Hasta un mes,Dentro de una semana,B,Dentro de las 24 horas
2026-I,Medicina,85,"Se apersona una mujer de 25 años, con 20 semanas de gestación, sin controles previos, sin antecedentes patológicos previos de acuerdo a protocolo le realizan el tamizaje de VIH, con resultado positivo. ¿Qué acciones se realizan desde el centro de salud nivel I-3?",Ubicación de familiares para soporte socio familiar,Derivación a centro hospitalario para confirmación,Control de gestación y psicoprofilaxis,Gestionar apoyo con programa social del MIDIS,B,Derivación a centro hospitalario para confirmación
2026-I,Medicina,86,¿Cuál es la función esencial de la salud pública que ha sido identificada como critica para la práctica de la salud publica relacionada a la colaboración activa del personal de los servicios de salud en el desarrollo de programas educativos en la comunidad?,Promoción del acceso equitativo,Participación social,Regulación y fiscalización,Promoción de la salud,D,Promoción de la salud
2026-I,Medicina,87,Niña de 4 meses de parto institucional con peso de 5 kg debe recibir sus vacunas de acuerdo a calendario de vacunación para su edad. ¿Cuál de las siguientes vacunas le corresponde?,BCG,Pentavalente,Hexavalente,HvB,B,Pentavalente
2026-I,Medicina,88,"En un centro de salud I-4, el nuevo médico jefe ha reestructurado el rol central de esta institución, la población objetivo asignada y los atributos de la entidad. Esta construcción de elementos se denomina:",Indicador,Objetivo,Misión,Visión,C,Misión
2026-I,Medicina,89,"En un establecimiento de salud I-4 el personal de salud está organizado para identificar problemas de salud, facilitando el control y resolución de los mismos en su comunidad. ¿Qué estrategia han implementado?",Presupuesto por resultados,Gestión por procesos,Vigilancia epidemiológica,Oferta de servicios,C,Vigilancia epidemiológica
2026-I,Medicina,90,"Varón de 63 años, con diagnóstico HIV, en tratamiento desde que estuvo en prisión, actualmente en libertad, acude por retrovirales al establecimiento I-3. ¿Qué debe hacer el proveedor de salud que atiende?",Custodiar sus cosas personales e institucionales y mantener distancias,"Brindar confidencialidad, indicar hospital de derivación para recibir retrovirales","Constatar si tiene SIS, para entregarle retrovirales correspondientes",Indicarle que debe apersonarse con algún familiar para darle información,B,"Brindar confidencialidad, indicar hospital de derivación para recibir retrovirales"
2026-I,Medicina,91,"En la comunidad rural donde realiza su SERUMS varios moradores reportan el hallazgo de muerte y enfermedad inusuales en cuyes y ratas de campo, por lo que debe proceder a la notificación respectiva. ¿Cuál es el acontecimiento epidemiológico presentado?",Brote infeccioso,Zoonosis,Epizootia,Endemia animal,C,Epizootia
2026-I,Medicina,92,"Usted acaba de ganar su plaza SERUMS, y en su primer día de trabajo, su jefatura le indica que se encuentran en el proceso de búsqueda de información a fin de elaborar el documento que oriente una gestión eficiente en salud acorde con los procesos de planificación. ¿Cuál es el documento?",Análisis de la Vulnerabilidad territorial,Análisis Global del Estado de la Salud,Análisis Global de los Determinantes de la Salud,Análisis de Situación de Salud,D,Análisis de Situación de Salud
2026-I,Medicina,93,La autoridad regional de salud está implementando la estrategia de Salud Familiar para que se pueda desarrollar efectivamente en el siguiente año. ¿En qué plan institucional se debe programar?,Continuidad,Contingencia,Estratégico,Operativo,D,Operativo
2026-I,Medicina,94,"Un grupo de migrantes de la selva que viven en comunidad en Lima, mantienen sus estilos de vida donde prevalece el trabajo informal, la deserción escolar y el ausentismo en servicios de salud. ¿Qué acciones deben realizar las autoridades locales?",Brindar solamente acceso a los diversos programas sociales,Gestionar políticas públicas que brinden recursos en la comunidad,Censo a fin de conocer las personas que se encuentran en riesgo de salud,Visitas domiciliarias a fin de integrarlos a los servicios de salud,B,Gestionar políticas públicas que brinden recursos en la comunidad
2026-I,Medicina,95,"Rosa acude a la IPRESS de su jurisdicción, con su hijo Iván nacido a término, quien ha cumplido 4 meses, aparentemente normal. Como médico preocupado por la lucha contra la anemia, Ud. decide lo siguiente, de acuerdo a normatividad vigente:",Iniciar con suplementación preventiva a 2 mg/kg/día de hierro elemental,Dosaje de hemoglobina urgente e iniciar tratamiento con hierro polimaltosado,Tratamiento con hierro elemental a 3mg/Kg/día para prevenir la anemia,Esperar hasta los 6 meses para dosaje de hemoglobina y suplementación,A,Iniciar con suplementación preventiva a 2 mg/kg/día de hierro elemental
2026-I,Medicina,96,"En un establecimiento de salud I-4, un ejemplo de UPSS podría considerarse al servicio de …",epidemiología.,pediatría.,gestión de investigación.,docencia.,B,pediatría.
2026-I,Medicina,97,"Durante la visita del equipo multidisciplinario a la comunidad de un sector sanitario, se brindan actividades incluidas en el paquete de cuidado integral. Se sabe que en la localidad visitada consume agua no potable por lo cual se solicita el test de Graham. ¿Qué probable enfermedad se pretende descartar?",Amebiasis,Salmonelosis,Disentería,Oxiuriasis,D,Oxiuriasis
2026-I,Medicina,98,"Un estudio de investigación realizado en una población aledaña a su centro de salud, reporta que los niños cuya familia es monoparental tiene el doble de riesgo de presentar anemia (RR=2.0), respecto a aquellos con familia biparental. ¿Cuál es el tipo de medida epidemiológica a la que se hace referencia?",Impacto,Asociación,Mortalidad,Frecuencia,B,Asociación
2026-I,Medicina,99,"En una comunidad se reportan dos o más casos de una misma enfermedad y están relacionados entre sí, el personal de salud según criterio epidemiológico identifica que es:",Endemia,Epidemia,Pandemia,Brote,D,Brote
2026-I,Medicina,100,"Durante la evaluación de los cuidados integrales de un adolescente varón de 16 años, que vive solo con su hermana mayor de 20 años, identifica que ha iniciado relaciones sexuales hace 1 año, con 3 parejas sexuales de su misma edad, sin uso de preservativo, por lo que Ud. prescribe:",Consejería de salud sexual y reproductiva,"Prueba rápida de VIH, sífilis y hepatitis B",Consejería en estilos de vida saludables,Educación en I.E. sobre sexualidad saludable,B,"Prueba rápida de VIH, sífilis y hepatitis B"
